{
	"credit": "Made with Blockbench",
	"textures": {
		"0": "block/acacia_planks",
		"particle": "block/acacia_planks"
	},
	"elements": [
		{
			"name": "center post",
			"from": [6, 0, 6],
			"to": [10, 16, 10],
			"faces": {
				"north": {"uv": [5, 16, 1, 0], "texture": "#0"},
				"east": {"uv": [14, 16, 10, 0], "texture": "#0"},
				"south": {"uv": [7, 16, 3, 0], "texture": "#0"},
				"west": {"uv": [12, 16, 8, 0], "texture": "#0"},
				"up": {"uv": [10, 10, 6, 6], "texture": "#0", "cullface": "up"},
				"down": {"uv": [10, 10, 6, 6], "texture": "#0", "cullface": "down"}
			}
		}
	]
}