{
	"credit": "by umsoea, made with Blockbench",
	"textures": {
		"0": "block/umsoea_models/acacia_leaves",
		"particle": "block/umsoea_models/acacia_leaves"
	},
	"elements": [
		{
			"from": [3, -6, 1],
			"to": [3, 10, 17],
			"rotation": {"angle": -45, "axis": "z", "origin": [3, 10, 13]},
			"faces": {
				"east": {"uv": [0, 16, 16, 0], "rotation": 270, "texture": "#0", "tintindex": 0},
				"west": {"uv": [16, 16, 0, 0], "rotation": 90, "texture": "#0", "tintindex": 0}
			}
		},
		{
			"from": [15, -4, -6],
			"to": [15, 12, 10],
			"rotation": {"angle": 22.5, "axis": "z", "origin": [15, 12, -2]},
			"faces": {
				"east": {"uv": [16, 16, 0, 0], "texture": "#0", "tintindex": 0},
				"west": {"uv": [0, 16, 16, 0], "texture": "#0", "tintindex": 0}
			}
		},
		{
			"from": [-6, -6, 15],
			"to": [10, 10, 15],
			"rotation": {"angle": -45, "axis": "x", "origin": [6, 10, 15]},
			"faces": {
				"north": {"uv": [0, 16, 16, 0], "rotation": 270, "texture": "#0", "tintindex": 0},
				"south": {"uv": [16, 16, 0, 0], "rotation": 90, "texture": "#0", "tintindex": 0}
			}
		},
		{
			"from": [-12, 14, -2],
			"to": [4, 14, 14],
			"rotation": {"angle": 22.5, "axis": "z", "origin": [4, 14, 10]},
			"faces": {
				"up": {"uv": [16, 16, 0, 0], "rotation": 180, "texture": "#0", "tintindex": 0},
				"down": {"uv": [0, 16, 16, 0], "texture": "#0", "tintindex": 0}
			}
		},
		{
			"from": [5, -3, 2],
			"to": [21, 13, 2],
			"rotation": {"angle": 45, "axis": "x", "origin": [9, 13, 2]},
			"faces": {
				"north": {"uv": [16, 16, 0, 0], "rotation": 90, "texture": "#0", "tintindex": 0},
				"south": {"uv": [0, 16, 16, 0], "rotation": 270, "texture": "#0", "tintindex": 0}
			}
		},
		{
			"from": [8.65685, 12.34315, 1],
			"to": [24.65685, 12.34315, 17],
			"rotation": {"angle": -22.5, "axis": "z", "origin": [14.65685, 13.34315, 9]},
			"faces": {
				"up": {"uv": [16, 16, 0, 0], "rotation": 270, "texture": "#0", "tintindex": 0},
				"down": {"uv": [0, 16, 16, 0], "rotation": 270, "texture": "#0", "tintindex": 0}
			}
		},
		{
			"from": [3, 11.94272, 12.39731],
			"to": [19, 11.94272, 28.39731],
			"rotation": {"angle": 45, "axis": "x", "origin": [11, 10.94272, 17.39731]},
			"faces": {
				"up": {"uv": [16, 16, 0, 0], "texture": "#0", "tintindex": 0},
				"down": {"uv": [0, 16, 16, 0], "rotation": 180, "texture": "#0", "tintindex": 0}
			}
		},
		{
			"from": [7.9, 2.94272, 8.39731],
			"to": [7.9, 18.94272, 24.39731],
			"rotation": {"angle": 22.5, "axis": "z", "origin": [6.9, 7.94272, 16.39731]},
			"faces": {
				"east": {"uv": [16, 16, 0, 0], "rotation": 180, "texture": "#0", "tintindex": 0},
				"west": {"uv": [0, 16, 16, 0], "rotation": 180, "texture": "#0", "tintindex": 0}
			}
		},
		{
			"from": [-3, -6, 2],
			"to": [13, 10, 2],
			"rotation": {"angle": 22.5, "axis": "x", "origin": [9, 10, 2]},
			"faces": {
				"north": {"uv": [0, 16, 16, 0], "rotation": 270, "texture": "#0", "tintindex": 0},
				"south": {"uv": [16, 16, 0, 0], "rotation": 90, "texture": "#0", "tintindex": 0}
			}
		},
		{
			"from": [18.06147, -0.39104, 5],
			"to": [18.06147, 15.60896, 21],
			"rotation": {"angle": 45, "axis": "z", "origin": [19.06147, 8.60896, 13]},
			"faces": {
				"east": {"uv": [16, 16, 0, 0], "rotation": 90, "texture": "#0", "tintindex": 0},
				"west": {"uv": [0, 16, 16, 0], "rotation": 270, "texture": "#0", "tintindex": 0}
			}
		},
		{
			"from": [-2, 12.34315, -0.34315],
			"to": [14, 12.34315, 15.65685],
			"faces": {
				"up": {"uv": [16, 16, 0, 0], "texture": "#0", "tintindex": 0},
				"down": {"uv": [0, 16, 16, 0], "rotation": 180, "texture": "#0", "tintindex": 0}
			}
		},
		{
			"from": [1, 16, -8],
			"to": [17, 16, 8],
			"rotation": {"angle": -22.5, "axis": "x", "origin": [5, 16, 8]},
			"faces": {
				"up": {"uv": [16, 16, 0, 0], "rotation": 270, "texture": "#0", "tintindex": 0},
				"down": {"uv": [0, 16, 16, 0], "rotation": 270, "texture": "#0", "tintindex": 0}
			}
		}
	],
	"display": {
		"thirdperson_righthand": {
			"rotation": [163, 180, 140],
			"translation": [0, 2, -2],
			"scale": [0.35, 0.35, 0.35]
		},
		"thirdperson_lefthand": {
			"rotation": [78, 63, 0],
			"translation": [0, 2.25, -1],
			"scale": [0.35, 0.35, 0.35]
		},
		"firstperson_righthand": {
			"rotation": [180, 8, 7],
			"translation": [1.5, 0.25, -1],
			"scale": [0.37, 0.35, 0.24844]
		},
		"firstperson_lefthand": {
			"rotation": [1, 0, 6],
			"scale": [0.35, 0.35, 0.23633]
		},
		"ground": {
			"scale": [0.35, 0.35, 0.35]
		},
		"gui": {
			"rotation": [32, 37, -2],
			"scale": [0.59, 0.6, 0.6]
		}
	}
}