{
	"credit": "Made with Blockbench",
	"ambientocclusion": false,
	"textures": {
		"texture": "block/umsoea_models/bamboo2",
		"particle": "block/umsoea_models/bamboo1"
	},
	"elements": [
		{
			"from": [6.925, 4.5, -0.7],
			"to": [22.925, 4.5, 15.3],
			"shade": false,
			"rotation": {"angle": -45, "axis": "z", "origin": [14.925, 4.5, 7.3]},
			"faces": {
				"up": {"uv": [0, 0, 16, 16], "texture": "#texture"},
				"down": {"uv": [16, 0, 0, 16], "rotation": 180, "texture": "#texture"}
			}
		},
		{
			"from": [-0.9, 4, 5.3],
			"to": [15.1, 4, 21.3],
			"shade": false,
			"rotation": {"angle": 45, "axis": "x", "origin": [7.1, 4, 13.3]},
			"faces": {
				"up": {"uv": [16, 0, 0, 16], "rotation": 270, "texture": "#texture"},
				"down": {"uv": [0, 0, 16, 16], "rotation": 270, "texture": "#texture"}
			}
		},
		{
			"from": [-8.425, 9.5, -0.8],
			"to": [7.575, 9.5, 15.2],
			"shade": false,
			"rotation": {"angle": 22.5, "axis": "z", "origin": [-0.425, 9.5, 7.2]},
			"faces": {
				"up": {"uv": [0, 16, 16, 0], "rotation": 180, "texture": "#texture"},
				"down": {"uv": [16, 16, 0, 0], "texture": "#texture"}
			}
		},
		{
			"from": [8, 7.3, 9.3],
			"to": [24, 23.3, 9.3],
			"shade": false,
			"rotation": {"angle": 45, "axis": "x", "origin": [16, 15.3, 9.3]},
			"faces": {
				"north": {"uv": [16, 16, 0, 0], "texture": "#texture"},
				"south": {"uv": [0, 16, 16, 0], "texture": "#texture"}
			}
		},
		{
			"from": [6.9, 7.6, -7.8],
			"to": [6.9, 23.6, 8.2],
			"shade": false,
			"rotation": {"angle": 45, "axis": "z", "origin": [6.9, 15.6, 0.2]},
			"faces": {
				"east": {"uv": [0, 16, 16, 0], "texture": "#texture"},
				"west": {"uv": [16, 16, 0, 0], "texture": "#texture"}
			}
		}
	]
}