{
	"credit": "Made with Blockbench",
	"textures": {
		"particle": "block/umsoea_models/bamboo1",
		"all": "block/umsoea_models/bamboo1"
	},
	"elements": [
		{
			"from": [6.5, 0, 9],
			"to": [9, 16, 9.5],
			"faces": {
				"north": {"uv": [16, 3, 15, 5.5], "rotation": 270, "texture": "#all", "cullface": "up"},
				"up": {"uv": [15, 0, 15.5, 2.5], "rotation": 270, "texture": "#all", "cullface": "up"}
			}
		},
		{
			"from": [7, 0, 6.5],
			"to": [9.5, 16, 7],
			"faces": {
				"south": {"uv": [16, 3, 15, 5.5], "rotation": 270, "texture": "#all", "cullface": "up"},
				"up": {"uv": [15, 0, 15.5, 2.5], "rotation": 90, "texture": "#all", "cullface": "up"}
			}
		},
		{
			"from": [9, 0, 7],
			"to": [9.5, 16, 9.5],
			"faces": {
				"west": {"uv": [16, 3, 15, 5.5], "rotation": 270, "texture": "#all", "cullface": "up"},
				"up": {"uv": [15, 0, 15.5, 2.5], "rotation": 180, "texture": "#all", "cullface": "up"}
			}
		},
		{
			"from": [6.5, 0, 6.5],
			"to": [7, 16, 9],
			"faces": {
				"east": {"uv": [16, 3, 15, 5.5], "rotation": 270, "texture": "#all", "cullface": "up"},
				"up": {"uv": [15, 0, 15.5, 2.5], "texture": "#all", "cullface": "up"}
			}
		},
		{
			"from": [7, -0.025, 7],
			"to": [9, -0.025, 9],
			"rotation": {"angle": 0, "axis": "y", "origin": [15, 6.975, 15]},
			"faces": {
				"up": {"uv": [15.5, 2.5, 15, 3], "rotation": 270, "texture": "#all", "cullface": "up"}
			}
		},
		{
			"from": [6.5, 0, 6.5],
			"to": [9.5, 16, 9.5],
			"faces": {
				"north": {"uv": [9, 0, 12, 16], "texture": "#all"},
				"east": {"uv": [9, 0, 12, 16], "texture": "#all"},
				"south": {"uv": [9, 0, 12, 16], "texture": "#all"},
				"west": {"uv": [9, 0, 12, 16], "texture": "#all"}
			}
		}
	]
}