{
	"credit": "by umsoea, made with Blockbench",
	"ambientocclusion": false,
	"textures": {
		"0": "block/umsoea_models/bamboo1",
		"1": "block/umsoea_models/bamboo2",
		"particle": "block/umsoea_models/bamboo1"
	},
	"elements": [
		{
			"from": [6.5, 0, 6.5],
			"to": [9.5, 4, 9.5],
			"faces": {
				"north": {"uv": [6, 4.7, 9, 8.7], "texture": "#0"},
				"east": {"uv": [12, 4.325, 15, 8.7], "texture": "#0"},
				"south": {"uv": [6, 4.7, 9, 8.7], "texture": "#0"},
				"west": {"uv": [12, 5.7, 15, 8.7], "texture": "#0"},
				"up": {"uv": [0, 2, 3, 5], "texture": "#0"}
			}
		},
		{
			"from": [6.90689, 0.1039, 10.95],
			"to": [10.90689, 4.1039, 10.95],
			"shade": false,
			"rotation": {"angle": 45, "axis": "x", "origin": [8.90689, 2.1039, 10.95]},
			"faces": {
				"north": {"uv": [15.758, 1.453, 11.133, 7.132], "rotation": 90, "texture": "#1"},
				"south": {"uv": [15.758, 7.132, 11.133, 1.453], "rotation": 90, "texture": "#1"}
			}
		},
		{
			"from": [5.23189, 3.4039, 5.175],
			"to": [5.23189, 7.4039, 9.175],
			"shade": false,
			"rotation": {"angle": 45, "axis": "z", "origin": [5.23189, 5.4039, 7.175]},
			"faces": {
				"east": {"uv": [15.758, 7.132, 11.133, 1.453], "rotation": 90, "texture": "#1"},
				"west": {"uv": [15.758, 1.453, 11.133, 7.132], "rotation": 90, "texture": "#1"}
			}
		},
		{
			"from": [11.925, 7.35, 5.375],
			"to": [11.925, 11.35, 9.375],
			"shade": false,
			"rotation": {"angle": -45, "axis": "z", "origin": [8.9, 10.35, 7.45]},
			"faces": {
				"east": {"uv": [15.758, 7.132, 11.133, 1.453], "rotation": 90, "texture": "#1"},
				"west": {"uv": [15.758, 1.453, 11.133, 7.132], "rotation": 90, "texture": "#1"}
			}
		},
		{
			"from": [5.10503, 4, 10.23609],
			"to": [9.10503, 8, 10.23609],
			"shade": false,
			"rotation": {"angle": 45, "axis": "x", "origin": [7.10503, 6, 10.23609]},
			"faces": {
				"north": {"uv": [15.758, 1.453, 11.133, 7.132], "rotation": 90, "texture": "#1"},
				"south": {"uv": [15.758, 7.132, 11.133, 1.453], "rotation": 90, "texture": "#1"}
			}
		},
		{
			"from": [6.525, 7.95, 7.6],
			"to": [10.525, 11.95, 7.6],
			"shade": false,
			"rotation": {"angle": 45, "axis": "y", "origin": [8.475, 9.9, 8.225]},
			"faces": {
				"north": {"uv": [15.758, 7.132, 11.133, 1.453], "rotation": 90, "texture": "#1"},
				"south": {"uv": [15.758, 1.453, 11.133, 7.132], "rotation": 90, "texture": "#1"}
			}
		},
		{
			"from": [6.125, 6.9, 7.35],
			"to": [10.125, 10.9, 7.35],
			"shade": false,
			"rotation": {"angle": -45, "axis": "y", "origin": [8.2, 9.9, 7.975]},
			"faces": {
				"north": {"uv": [15.758, 7.132, 11.133, 1.453], "rotation": 90, "texture": "#1"},
				"south": {"uv": [15.758, 1.453, 11.133, 7.132], "rotation": 90, "texture": "#1"}
			}
		},
		{
			"from": [7.55556, 7, 7.55556],
			"to": [8.44444, 8, 8.44444],
			"rotation": {"angle": 0, "axis": "y", "origin": [8, 7, 8]},
			"faces": {
				"north": {"uv": [12, 5.919, 15, 8.7], "texture": "#0"},
				"east": {"uv": [12, 5.919, 15, 8.7], "texture": "#0"},
				"south": {"uv": [12, 5.919, 15, 8.7], "texture": "#0"},
				"west": {"uv": [12, 5.919, 15, 8.7], "texture": "#0"},
				"up": {"uv": [14.078, 2.156, 14.967, 3.045], "texture": "#0"}
			}
		},
		{
			"from": [7.33333, 6, 7.33333],
			"to": [8.66667, 7, 8.66667],
			"rotation": {"angle": 0, "axis": "y", "origin": [8, 6, 8]},
			"faces": {
				"north": {"uv": [12, 5.919, 15, 8.7], "texture": "#0"},
				"east": {"uv": [3, 4.403, 6, 6.973], "texture": "#0"},
				"south": {"uv": [12, 5.997, 15, 8.7], "texture": "#0"},
				"west": {"uv": [3, 4.403, 6, 6.973], "texture": "#0"},
				"up": {"uv": [1.188, 2.508, 2.521, 3.841], "texture": "#0"}
			}
		},
		{
			"from": [7, 4, 7],
			"to": [9, 6, 9],
			"rotation": {"angle": 0, "axis": "y", "origin": [8, 4, 8]},
			"faces": {
				"north": {"uv": [9, 9, 12, 11.703], "texture": "#0"},
				"east": {"uv": [12, 4.7, 15, 8.7], "texture": "#0"},
				"south": {"uv": [9, 9, 12, 11.703], "texture": "#0"},
				"west": {"uv": [12, 4.7, 15, 8.7], "texture": "#0"},
				"up": {"uv": [9.297, 0.484, 11.297, 2.484], "texture": "#0"}
			}
		}
	]
}