{
	"credit": "Made with Blockbench",
	"ambientocclusion": false,
	"textures": {
		"texture": "block/umsoea_models/bamboo2",
		"particle": "block/umsoea_models/bamboo1"
	},
	"elements": [
		{
			"from": [3.12334, 9.31095, 9.65467],
			"to": [13.78999, 9.31095, 20.32133],
			"shade": false,
			"rotation": {"angle": 45, "axis": "x", "origin": [8, 9.78, 7.99]},
			"faces": {
				"up": {"uv": [0, 0, 16, 16], "rotation": 90, "texture": "#texture"},
				"down": {"uv": [16, 0, 0, 16], "rotation": 90, "texture": "#texture"}
			}
		},
		{
			"from": [-3.92592, 8.19843, 2.05667],
			"to": [6.74074, 8.19843, 12.72333],
			"shade": false,
			"rotation": {"angle": 45, "axis": "z", "origin": [8, 9.78, 7.99]},
			"faces": {
				"up": {"uv": [16, 0, 0, 16], "texture": "#texture"},
				"down": {"uv": [0, 0, 16, 16], "rotation": 180, "texture": "#texture"}
			}
		},
		{
			"from": [3.19, 11.67072, -2.6396],
			"to": [13.85666, 11.67072, 8.02706],
			"shade": false,
			"rotation": {"angle": -22.5, "axis": "x", "origin": [8, 9.78, 7.99]},
			"faces": {
				"up": {"uv": [0, 16, 16, 0], "rotation": 270, "texture": "#texture"},
				"down": {"uv": [16, 16, 0, 0], "rotation": 270, "texture": "#texture"}
			}
		},
		{
			"from": [11.28333, 6.30313, 7.99],
			"to": [11.28333, 22.30313, 18.65666],
			"shade": false,
			"rotation": {"angle": 45, "axis": "z", "origin": [8, 9.78, 7.99]},
			"faces": {
				"east": {"uv": [16, 16, 0, 0], "texture": "#texture"},
				"west": {"uv": [0, 16, 16, 0], "texture": "#texture"}
			}
		},
		{
			"from": [7.85667, 6.4139, 11.58682],
			"to": [18.52332, 22.4139, 11.58682],
			"shade": false,
			"rotation": {"angle": -45, "axis": "x", "origin": [8, 9.78, 7.99]},
			"faces": {
				"north": {"uv": [16, 16, 0, 0], "texture": "#texture"},
				"south": {"uv": [0, 16, 16, 0], "texture": "#texture"}
			}
		}
	],
	"groups": [
		{
			"name": "group",
			"origin": [7.51666, 4.5, 7.53333],
			"children": [0, 1, 2, 3, 4]
		}
	]
}