{
	"credit": "Made with Blockbench",
	"textures": {
		"particle": "block/umsoea_models/bamboo1",
		"all": "block/umsoea_models/bamboo1"
	},
	"elements": [
		{
			"from": [7, 0, 7],
			"to": [7.33333, 16, 8.66667],
			"faces": {
				"east": {"uv": [16, 3, 15, 5.5], "rotation": 270, "texture": "#all", "cullface": "up"},
				"up": {"uv": [15, 0, 15.5, 2.5], "texture": "#all", "cullface": "up"}
			}
		},
		{
			"from": [8.66667, 0, 7.33333],
			"to": [9, 16, 9],
			"faces": {
				"west": {"uv": [16, 3, 15, 5.5], "rotation": 270, "texture": "#all", "cullface": "up"},
				"up": {"uv": [15, 0, 15.5, 2.5], "rotation": 180, "texture": "#all", "cullface": "up"}
			}
		},
		{
			"from": [7.33333, 0, 7],
			"to": [9, 16, 7.33333],
			"faces": {
				"south": {"uv": [16, 3, 15, 5.5], "rotation": 270, "texture": "#all", "cullface": "up"},
				"up": {"uv": [15, 0, 15.5, 2.5], "rotation": 90, "texture": "#all", "cullface": "up"}
			}
		},
		{
			"from": [7, 0, 8.66667],
			"to": [8.66667, 16, 9],
			"faces": {
				"north": {"uv": [16, 3, 15, 5.5], "rotation": 270, "texture": "#all", "cullface": "up"},
				"up": {"uv": [15, 0, 15.5, 2.5], "rotation": 270, "texture": "#all", "cullface": "up"}
			}
		},
		{
			"from": [7.33333, -0.025, 7.33333],
			"to": [8.66667, -0.025, 8.66667],
			"rotation": {"angle": 0, "axis": "y", "origin": [12.66667, 6.975, 12.66667]},
			"faces": {
				"up": {"uv": [15.5, 2.5, 15, 3], "rotation": 270, "texture": "#all", "cullface": "up"}
			}
		},
		{
			"from": [7, 0, 7],
			"to": [9, 16, 9],
			"faces": {
				"north": {"uv": [6, 0, 9, 16], "texture": "#all"},
				"east": {"uv": [0, 0, 3, 16], "texture": "#all"},
				"south": {"uv": [6, 0, 9, 16], "texture": "#all"},
				"west": {"uv": [0, 0, 3, 16], "texture": "#all"}
			}
		}
	]
}