{
	"textures": {
		"0": "block/birch_log",
		"1": "block/birch_log_t2",
		"2": "block/birch_log_top",
		"particle": "block/birch_log"
	},
	"elements": [
		{
			"from": [ 0,  0,  0],
			"to":   [16, 16, 16],
			"faces": {
				"north": {"uv": [0, 0, 16, 16], "texture": "#0", "cullface": "north" },
				"east":  {"uv": [0, 0, 16, 16], "texture": "#1", "cullface": "east"  },
				"south": {"uv": [0, 0, 16, 16], "texture": "#0", "cullface": "south" },
				"west":  {"uv": [0, 0, 16, 16], "texture": "#1", "cullface": "west"  },
				"up":    {"uv": [0, 0, 16, 16], "texture": "#2", "cullface": "up"    },
				"down":  {"uv": [0, 0, 16, 16], "texture": "#2", "cullface": "down"  }
			}
		}
	]
}