{
	"credit": "Made with Blockbench",
	"textures": {
		"0": "block/umsoea_models/cornflower",
		"1": "block/umsoea_models/flower_stem",
		"particle": "block/umsoea_models/cornflower"
	},
	"elements": [
		{
			"from": [9.5, 8, 7.2],
			"to": [12.1, 8, 9.8],
			"rotation": {"angle": 0, "axis": "y", "origin": [18.3, 15, 16]},
			"faces": {
				"up": {"uv": [0, 0, 16, 16], "texture": "#0"}
			}
		},
		{
			"from": [13.25, 7, 3.95],
			"to": [15.25, 7, 5.95],
			"rotation": {"angle": 0, "axis": "y", "origin": [22, 14, 12.7]},
			"faces": {
				"up": {"uv": [0, 0, 16, 16], "texture": "#0"}
			}
		},
		{
			"from": [5.05, 5, 1.75],
			"to": [7.15, 5, 3.85],
			"rotation": {"angle": -22.5, "axis": "x", "origin": [6.1, 5, 2.8]},
			"faces": {
				"up": {"uv": [0, 0, 16, 16], "texture": "#0"}
			}
		},
		{
			"from": [8.2, 5, 12.8],
			"to": [10.3, 5, 14.9],
			"rotation": {"angle": 22.5, "axis": "x", "origin": [9.5, 5, 14.1]},
			"faces": {
				"up": {"uv": [0, 0, 16, 16], "rotation": 90, "texture": "#0"}
			}
		},
		{
			"from": [4.8, 5, 8],
			"to": [6.8, 5, 10],
			"rotation": {"angle": 22.5, "axis": "z", "origin": [6.3, 5, 9.5]},
			"faces": {
				"up": {"uv": [0, 0, 16, 16], "texture": "#0"}
			}
		},
		{
			"from": [11, 0, 6.625],
			"to": [11, 8, 10.3],
			"rotation": {"angle": 0, "axis": "y", "origin": [19, 6, 11.3]},
			"faces": {
				"east": {"uv": [12, 0, 4.657, 16], "texture": "#1"},
				"west": {"uv": [4.657, 0, 12, 16], "texture": "#1"}
			}
		},
		{
			"from": [9, -1, 12.4],
			"to": [9, 5, 15.175],
			"rotation": {"angle": 45, "axis": "y", "origin": [9, 2, 13.65]},
			"faces": {
				"east": {"uv": [12.156, 0, 4.695, 16], "texture": "#1"},
				"west": {"uv": [4.695, 0, 12.156, 16], "texture": "#1"}
			}
		},
		{
			"from": [15, -1, 2.85],
			"to": [15, 7, 6.575],
			"rotation": {"angle": 45, "axis": "y", "origin": [15, 2, 5.55]},
			"faces": {
				"east": {"uv": [12.078, 0, 4.617, 16], "texture": "#1"},
				"west": {"uv": [4.617, 0, 12.078, 16], "texture": "#1"}
			}
		},
		{
			"from": [10.35, -1, -3.4],
			"to": [10.35, 5, -0.65],
			"rotation": {"angle": -45, "axis": "y", "origin": [2.35, 6, -4.9]},
			"faces": {
				"east": {"uv": [4.617, 0, 11.96, 16], "texture": "#1"},
				"west": {"uv": [11.96, 0, 4.617, 16], "texture": "#1"}
			}
		},
		{
			"from": [4.625, -0.2, 8.9],
			"to": [6.95, 4.8, 8.9],
			"rotation": {"angle": 0, "axis": "y", "origin": [1.6, 5.8, 16.9]},
			"faces": {
				"north": {"uv": [4.657, 0, 12.117, 16], "texture": "#1"},
				"south": {"uv": [12.117, 0, 4.657, 16], "texture": "#1"}
			}
		}
	]
}