{
	"credit": "Made with Blockbench",
	"textures": {
		"0": "block/umsoea_models/dandelion1",
		"1": "block/umsoea_models/dandelion2",
		"particle": "block/umsoea_models/dandelion1"
	},
	"elements": [
		{
			"from": [1.4672, 0.43552, 0.5724],
			"to": [14.2672, 0.43552, 13.3724],
			"rotation": {"angle": 0, "axis": "y", "origin": [6.29, 0.355, 7.915]},
			"faces": {
				"up": {"uv": [0, 0, 16, 16], "rotation": 180, "texture": "#0"}
			}
		},
		{
			"from": [4.04918, 0.74152, 5.70679],
			"to": [11.47318, 0.74152, 13.13079],
			"rotation": {"angle": 45, "axis": "y", "origin": [6.29, 0.355, 7.915]},
			"faces": {
				"up": {"uv": [0, 0, 16, 16], "rotation": 270, "texture": "#0"}
			}
		},
		{
			"from": [7.66931, 0.63, 8.45292],
			"to": [7.66931, 6.23, 9.45292],
			"rotation": {"angle": 22.5, "axis": "y", "origin": [6.19, 0.355, 7.915]},
			"faces": {
				"east": {"uv": [0, 8, 16, 10], "rotation": 270, "texture": "#1"},
				"west": {"uv": [0, 10, 16, 8], "rotation": 270, "texture": "#1"},
				"up": {"uv": [4.188, 8.032, 12.188, 16], "texture": "#1"}
			}
		},
		{
			"from": [7.15087, 0.01542, 8.515],
			"to": [8.05087, 3.96542, 8.515],
			"rotation": {"angle": 22.5, "axis": "z", "origin": [6.19, 0.355, 7.915]},
			"faces": {
				"north": {"uv": [0, 8, 10.578, 10], "rotation": 270, "texture": "#1"},
				"south": {"uv": [0, 10, 10.578, 8], "rotation": 270, "texture": "#1"}
			}
		},
		{
			"from": [6.33718, 6.23, 7.7062],
			"to": [8.93718, 6.23, 10.3062],
			"rotation": {"angle": 22.5, "axis": "y", "origin": [6.19, 0.355, 7.915]},
			"faces": {
				"up": {"uv": [0, 0, 8, 8], "texture": "#1"}
			}
		},
		{
			"from": [6.47688, 3.98962, 7.465],
			"to": [8.57688, 3.98962, 9.565],
			"rotation": {"angle": 22.5, "axis": "z", "origin": [6.19, 0.355, 7.915]},
			"faces": {
				"up": {"uv": [8, 0, 16, 8], "rotation": 90, "texture": "#1"}
			}
		}
	]
}