{
	"credit": "by umsoea, made with Blockbench",
	"textures": {
		"0": "block/umsoea_models/dark_oak_leaves",
		"particle": "block/umsoea_models/dark_oak_leaves"
	},
	"elements": [
		{
			"from": [-13.5, 6, 0],
			"to": [2.5, 6, 16],
			"rotation": {"angle": 45, "axis": "z", "origin": [2.5, 6, 12]},
			"faces": {
				"up": {"uv": [16, 16, 0, 0], "rotation": 270, "texture": "#0", "tintindex": 0},
				"down": {"uv": [0, 16, 16, 0], "rotation": 270, "texture": "#0", "tintindex": 0}
			}
		},
		{
			"from": [-8, -7, 9],
			"to": [8, 9, 9],
			"rotation": {"angle": -45, "axis": "x", "origin": [4, 9, 9]},
			"faces": {
				"north": {"uv": [0, 16, 16, 0], "rotation": 90, "texture": "#0", "tintindex": 0},
				"south": {"uv": [16, 16, 0, 0], "rotation": 270, "texture": "#0", "tintindex": 0}
			}
		},
		{
			"from": [-5.6, 14, 6],
			"to": [10.4, 14, 22],
			"rotation": {"angle": 22.5, "axis": "z", "origin": [10.4, 14, 18]},
			"faces": {
				"up": {"uv": [0, 16, 16, 0], "rotation": 180, "texture": "#0", "tintindex": 0},
				"down": {"uv": [16, 16, 0, 0], "texture": "#0", "tintindex": 0}
			}
		},
		{
			"from": [12, -2, -1],
			"to": [12, 14, 15],
			"rotation": {"angle": -22.5, "axis": "y", "origin": [12, 10, -1]},
			"faces": {
				"east": {"uv": [0, 16, 16, 0], "rotation": 90, "texture": "#0", "tintindex": 0},
				"west": {"uv": [16, 16, 0, 0], "rotation": 270, "texture": "#0", "tintindex": 0}
			}
		},
		{
			"from": [6, -6, 4],
			"to": [22, 10, 4],
			"rotation": {"angle": 45, "axis": "x", "origin": [10, 10, 4]},
			"faces": {
				"north": {"uv": [16, 16, 0, 0], "rotation": 270, "texture": "#0", "tintindex": 0},
				"south": {"uv": [0, 16, 16, 0], "rotation": 90, "texture": "#0", "tintindex": 0}
			}
		},
		{
			"from": [4.65685, 11.34315, -1],
			"to": [20.65685, 11.34315, 15],
			"rotation": {"angle": -22.5, "axis": "z", "origin": [12.65685, 12.34315, 5]},
			"faces": {
				"up": {"uv": [16, 16, 0, 0], "rotation": 90, "texture": "#0", "tintindex": 0},
				"down": {"uv": [0, 16, 16, 0], "rotation": 90, "texture": "#0", "tintindex": 0}
			}
		},
		{
			"from": [6.65685, 0.34315, -10],
			"to": [6.65685, 16.34315, 6],
			"rotation": {"angle": 22.5, "axis": "x", "origin": [7.65685, 6.34315, -2]},
			"faces": {
				"east": {"uv": [16, 0, 0, 16], "rotation": 270, "texture": "#0", "tintindex": 0},
				"west": {"uv": [0, 0, 16, 16], "rotation": 90, "texture": "#0", "tintindex": 0}
			}
		},
		{
			"from": [8, 9.94272, 8.39731],
			"to": [24, 9.94272, 24.39731],
			"rotation": {"angle": 22.5, "axis": "x", "origin": [16, 8.94272, 13.39731]},
			"faces": {
				"up": {"uv": [16, 16, 0, 0], "rotation": 180, "texture": "#0", "tintindex": 0},
				"down": {"uv": [0, 16, 16, 0], "texture": "#0", "tintindex": 0}
			}
		},
		{
			"from": [-7.5, 6.4, -11.8],
			"to": [8.5, 6.4, 4.2],
			"rotation": {"angle": -45, "axis": "x", "origin": [-3.5, 6.4, 4.2]},
			"faces": {
				"up": {"uv": [16, 16, 0, 0], "texture": "#0", "tintindex": 0},
				"down": {"uv": [0, 16, 16, 0], "rotation": 180, "texture": "#0", "tintindex": 0}
			}
		},
		{
			"from": [-7, 2, 6],
			"to": [9, 18, 6],
			"rotation": {"angle": 0, "axis": "z", "origin": [-3, 2, 6]},
			"faces": {
				"north": {"uv": [0, 16, 16, 0], "rotation": 90, "texture": "#0", "tintindex": 0},
				"south": {"uv": [16, 16, 0, 0], "rotation": 270, "texture": "#0", "tintindex": 0}
			}
		},
		{
			"from": [23.1, -5.7, 3.7],
			"to": [23.1, 10.3, 19.7],
			"rotation": {"angle": 45, "axis": "z", "origin": [23.1, -1.7, 19.7]},
			"faces": {
				"east": {"uv": [0, 16, 16, 0], "rotation": 180, "texture": "#0", "tintindex": 0},
				"west": {"uv": [16, 16, 0, 0], "rotation": 180, "texture": "#0", "tintindex": 0}
			}
		},
		{
			"from": [7, -11, 7.8],
			"to": [7, 5, 23.8],
			"rotation": {"angle": 0, "axis": "y", "origin": [7, -7, 7.8]},
			"faces": {
				"east": {"uv": [16, 16, 0, 0], "rotation": 270, "texture": "#0", "tintindex": 0},
				"west": {"uv": [0, 16, 16, 0], "rotation": 90, "texture": "#0", "tintindex": 0}
			}
		},
		{
			"from": [3, -6, -6],
			"to": [3, 10, 10],
			"rotation": {"angle": -45, "axis": "x", "origin": [3, -2, 10]},
			"faces": {
				"east": {"uv": [0, 16, 16, 0], "rotation": 90, "texture": "#0", "tintindex": 0},
				"west": {"uv": [16, 16, 0, 0], "rotation": 270, "texture": "#0", "tintindex": 0}
			}
		},
		{
			"from": [6, -7, 19],
			"to": [22, 9, 19],
			"rotation": {"angle": -22.5, "axis": "x", "origin": [25, -3, 19]},
			"faces": {
				"north": {"uv": [16, 16, 0, 0], "rotation": 270, "texture": "#0", "tintindex": 0},
				"south": {"uv": [0, 16, 16, 0], "rotation": 90, "texture": "#0", "tintindex": 0}
			}
		}
	],
	"display": {
		"thirdperson_righthand": {
			"rotation": [163, 180, 140],
			"translation": [0, 2, -2],
			"scale": [0.35, 0.35, 0.35]
		},
		"thirdperson_lefthand": {
			"rotation": [78, 63, 0],
			"translation": [0, 2.25, -1],
			"scale": [0.35, 0.35, 0.35]
		},
		"firstperson_righthand": {
			"rotation": [180, 8, 7],
			"translation": [1.5, 0.25, -1],
			"scale": [0.37, 0.35, 0.24844]
		},
		"firstperson_lefthand": {
			"rotation": [1, 0, 6],
			"scale": [0.35, 0.35, 0.23633]
		},
		"ground": {
			"scale": [0.35, 0.35, 0.35]
		},
		"gui": {
			"rotation": [32, 37, -2],
			"scale": [0.59, 0.6, 0.6]
		}
	}
}