{
	"credit": "Made with Blockbench",
	"ambientocclusion": false,
	"textures": {
		"particle": "block/umsoea_models/grass",
		"cross": "block/umsoea_models/grass"
	},
	"elements": [
		{
			"from": [5.25, -0.6, 3.3],
			"to": [5.25, 8.3, 15.7],
			"shade": false,
			"rotation": {"angle": 45, "axis": "y", "origin": [5.25, 7, 11.5], "rescale": true},
			"faces": {
				"east": {"uv": [1.172, 7.219, 16, 15.641], "texture": "#cross", "tintindex": 0},
				"west": {"uv": [16, 7.219, 1.172, 15.641], "texture": "#cross", "tintindex": 0}
			}
		},
		{
			"from": [1.9, -0.5, 12.5],
			"to": [15, 8.8, 12.5],
			"shade": false,
			"rotation": {"angle": 22.5, "axis": "y", "origin": [10, 7, 12.5], "rescale": true},
			"faces": {
				"north": {"uv": [15.781, 7.297, 1.219, 15.546], "texture": "#cross", "tintindex": 0},
				"south": {"uv": [1.219, 7.297, 15.781, 15.546], "texture": "#cross", "tintindex": 0}
			}
		},
		{
			"from": [-1.5, -0.6, 4],
			"to": [9.8, 7.7, 4],
			"shade": false,
			"rotation": {"angle": 45, "axis": "y", "origin": [5.5, 7, 5], "rescale": true},
			"faces": {
				"north": {"uv": [1.172, 7.297, 15.749, 15.594], "texture": "#cross", "tintindex": 0},
				"south": {"uv": [15.749, 7.297, 1.172, 15.594], "texture": "#cross", "tintindex": 0}
			}
		},
		{
			"from": [7.25, -0.5, 0.75],
			"to": [7.25, 8.8, 14.75],
			"shade": false,
			"rotation": {"angle": 0, "axis": "y", "origin": [7.25, 7, 8.75], "rescale": true},
			"faces": {
				"east": {"uv": [1.25, 7.297, 15.781, 15.547], "texture": "#cross", "tintindex": 0},
				"west": {"uv": [15.781, 7.297, 1.25, 15.547], "texture": "#cross", "tintindex": 0}
			}
		},
		{
			"from": [1.9, -0.4, 4],
			"to": [15, 8.8, 4],
			"shade": false,
			"rotation": {"angle": -22.5, "axis": "y", "origin": [10, 7, 5], "rescale": true},
			"faces": {
				"north": {"uv": [15.749, 7.266, 1.219, 15.453], "texture": "#cross", "tintindex": 0},
				"south": {"uv": [1.219, 7.266, 15.749, 15.453], "texture": "#cross", "tintindex": 0}
			}
		},
		{
			"from": [13, -0.4, 2],
			"to": [13, 7.7, 13.3],
			"shade": false,
			"rotation": {"angle": 0, "axis": "y", "origin": [13, 7, 7], "rescale": true},
			"faces": {
				"east": {"uv": [1.188, 7.266, 15.749, 15.406], "texture": "#cross", "tintindex": 0},
				"west": {"uv": [15.749, 7.266, 1.188, 15.406], "texture": "#cross", "tintindex": 0}
			}
		},
		{
			"from": [0.75, -0.3, 8],
			"to": [15, 9.3, 8],
			"shade": false,
			"rotation": {"angle": 0, "axis": "y", "origin": [9, 7, 8], "rescale": true},
			"faces": {
				"north": {"uv": [1.234, 7.328, 15.781, 15.406], "texture": "#cross", "tintindex": 0},
				"south": {"uv": [15.781, 7.328, 1.234, 15.406], "texture": "#cross", "tintindex": 0}
			}
		}
	]
}