{
	"credit": "Made with Blockbench",
	"ambientocclusion": false,
	"textures": {
		"particle": "block/umsoea_models/grass2",
		"cross": "block/umsoea_models/grass2"
	},
	"elements": [
		{
			"from": [0.8, -0.3, 5.5],
			"to": [12.6, 10.8, 5.5],
			"shade": false,
			"rotation": {"angle": 45, "axis": "y", "origin": [5, 7, 5.5], "rescale": true},
			"faces": {
				"north": {"uv": [1.188, 4.891, 15.297, 15.328], "texture": "#cross", "tintindex": 0},
				"south": {"uv": [15.297, 4.891, 1.188, 15.328], "texture": "#cross", "tintindex": 0}
			}
		},
		{
			"from": [4, -0.2, 2.15],
			"to": [4, 11.5, 14.85],
			"shade": false,
			"rotation": {"angle": 22.5, "axis": "y", "origin": [4, 7, 10.25], "rescale": true},
			"faces": {
				"east": {"uv": [15.343, 4.891, 1.234, 15.297], "texture": "#cross", "tintindex": 0},
				"west": {"uv": [1.234, 4.891, 15.343, 15.297], "texture": "#cross", "tintindex": 0}
			}
		},
		{
			"from": [12.5, -0.4, -0.95],
			"to": [12.5, 10.1, 10.05],
			"shade": false,
			"rotation": {"angle": 45, "axis": "y", "origin": [11.5, 7, 5.75], "rescale": true},
			"faces": {
				"east": {"uv": [1.156, 4.875, 15.343, 15.406], "texture": "#cross", "tintindex": 0},
				"west": {"uv": [15.343, 4.875, 1.156, 15.406], "texture": "#cross", "tintindex": 0}
			}
		},
		{
			"from": [1.25, -0.3, 7.5],
			"to": [14.75, 11.5, 7.5],
			"shade": false,
			"rotation": {"angle": 0, "axis": "y", "origin": [7.75, 7, 7.5], "rescale": true},
			"faces": {
				"north": {"uv": [1.219, 4.859, 15.297, 15.375], "texture": "#cross", "tintindex": 0},
				"south": {"uv": [15.297, 4.859, 1.219, 15.375], "texture": "#cross", "tintindex": 0}
			}
		},
		{
			"from": [12.5, -0.4, 1.65],
			"to": [12.5, 11.5, 14.35],
			"shade": false,
			"rotation": {"angle": -22.5, "axis": "y", "origin": [11.5, 7, 10.25], "rescale": true},
			"faces": {
				"east": {"uv": [1.25, 4.875, 15.296, 15.452], "texture": "#cross", "tintindex": 0},
				"west": {"uv": [15.296, 4.875, 1.25, 15.452], "texture": "#cross", "tintindex": 0}
			}
		},
		{
			"from": [3.2, -0.3, 13.25],
			"to": [14.2, 10.1, 13.25],
			"shade": false,
			"rotation": {"angle": 0, "axis": "y", "origin": [9.5, 7, 13.25], "rescale": true},
			"faces": {
				"north": {"uv": [15.343, 4.891, 1.156, 15.297], "texture": "#cross", "tintindex": 0},
				"south": {"uv": [1.156, 4.891, 15.343, 15.297], "texture": "#cross", "tintindex": 0}
			}
		},
		{
			"from": [7.5, -0.3, 1.5],
			"to": [7.5, 12.2, 15.25],
			"shade": false,
			"rotation": {"angle": -22.5, "axis": "y", "origin": [7.5, 7, 9.25], "rescale": true},
			"faces": {
				"east": {"uv": [1.25, 4.891, 15.266, 15.406], "texture": "#cross", "tintindex": 0},
				"west": {"uv": [15.266, 4.891, 1.25, 15.406], "texture": "#cross", "tintindex": 0}
			}
		}
	]
}