{
	"credit": "by umsoea, made with Blockbench",
	"textures": 
		{
			"0": "block/umsoea_models/ladder1",
			"particle": "block/umsoea_models/ladder1"
		
		},
	
	"elements": [
		{
			"from": [2.5, 1, 13.4],
			"to": [3.35, 18, 15],
			"rotation": {"angle": 0, "axis": "y", "origin": [10.25, 9, 21.25]},
			"faces": {
				"north": {"uv": [0, 2, 2, 4], "rotation": 90, "texture": "#0"},
				"south": {"uv": [0, 2, 2, 4], "rotation": 90, "texture": "#0"},
				"up": {"uv": [0, 2, 2, 4], "rotation": 90, "texture": "#0"},
				"down": {"uv": [0, 2, 2, 4], "rotation": 90, "texture": "#0"}
			}
		},
		{
			"from": [2.5, 12.425, 13.4],
			"to": [2.5, 18, 15],
			"rotation": {"angle": 0, "axis": "y", "origin": [10.25, 9, 21.25]},
			"faces": {
				"west": {"uv": [0, 11.375, 15.911, 16], "rotation": 90, "texture": "#0"}
			}
		},
		{
			"from": [12.65, 12.425, 13.4],
			"to": [12.65, 18, 15],
			"rotation": {"angle": 0, "axis": "y", "origin": [20.4, 9, 21.25]},
			"faces": {
				"west": {"uv": [0, 11.375, 15.911, 16], "rotation": 90, "texture": "#0"}
			}
		},
		{
			"from": [13.5, 12.425, 13.4],
			"to": [13.5, 18, 15],
			"rotation": {"angle": 0, "axis": "y", "origin": [13.5, 7.81875, 14.2]},
			"faces": {
				"east": {"uv": [0, 11.375, 15.911, 16], "rotation": 90, "texture": "#0"}
			}
		},
		{
			"from": [3.35, 12.425, 13.4],
			"to": [3.35, 18, 15],
			"rotation": {"angle": 0, "axis": "y", "origin": [3.35, 7.81875, 14.2]},
			"faces": {
				"east": {"uv": [0, 11.375, 15.911, 16], "rotation": 90, "texture": "#0"}
			}
		},
		{
			"from": [2.5, 7.1, 13.4],
			"to": [2.5, 12.675, 15],
			"rotation": {"angle": 0, "axis": "y", "origin": [10.25, 9, 21.25]},
			"faces": {
				"west": {"uv": [0, 11.375, 15.911, 16], "rotation": 90, "texture": "#0"}
			}
		},
		{
			"from": [12.65, 7.1, 13.4],
			"to": [12.65, 12.675, 15],
			"rotation": {"angle": 0, "axis": "y", "origin": [20.4, 9, 21.25]},
			"faces": {
				"west": {"uv": [0, 11.375, 15.911, 16], "rotation": 90, "texture": "#0"}
			}
		},
		{
			"from": [13.5, 7.1, 13.4],
			"to": [13.5, 12.675, 15],
			"rotation": {"angle": 0, "axis": "y", "origin": [13.5, 7.81875, 14.2]},
			"faces": {
				"east": {"uv": [0, 11.375, 15.911, 16], "rotation": 90, "texture": "#0"}
			}
		},
		{
			"from": [3.35, 7.1, 13.4],
			"to": [3.35, 12.675, 15],
			"rotation": {"angle": 0, "axis": "y", "origin": [3.35, 7.81875, 14.2]},
			"faces": {
				"east": {"uv": [0, 11.375, 15.911, 16], "rotation": 90, "texture": "#0"}
			}
		},
		{
			"from": [2.5, 1.775, 13.4],
			"to": [2.5, 7.35, 15],
			"rotation": {"angle": 0, "axis": "y", "origin": [10.25, 9, 21.25]},
			"faces": {
				"west": {"uv": [0, 11.375, 15.911, 16], "rotation": 90, "texture": "#0"}
			}
		},
		{
			"from": [12.65, 1.775, 13.4],
			"to": [12.65, 7.35, 15],
			"rotation": {"angle": 0, "axis": "y", "origin": [20.4, 9, 21.25]},
			"faces": {
				"west": {"uv": [0, 11.375, 15.911, 16], "rotation": 90, "texture": "#0"}
			}
		},
		{
			"from": [13.5, 1.775, 13.4],
			"to": [13.5, 7.35, 15],
			"rotation": {"angle": 0, "axis": "y", "origin": [13.5, 7.81875, 14.2]},
			"faces": {
				"east": {"uv": [0, 11.375, 15.911, 16], "rotation": 90, "texture": "#0"}
			}
		},
		{
			"from": [3.35, 1.775, 13.4],
			"to": [3.35, 7.35, 15],
			"rotation": {"angle": 0, "axis": "y", "origin": [3.35, 7.81875, 14.2]},
			"faces": {
				"east": {"uv": [0, 11.375, 15.911, 16], "rotation": 90, "texture": "#0"}
			}
		},
		{
			"from": [2.5, 1, 13.4],
			"to": [2.5, 2.225, 15],
			"rotation": {"angle": 0, "axis": "y", "origin": [10.25, 9, 21.25]},
			"faces": {
				"west": {"uv": [0, 11.375, 3.817, 16], "rotation": 90, "texture": "#0"}
			}
		},
		{
			"from": [12.65, 1, 13.4],
			"to": [12.65, 2.225, 15],
			"rotation": {"angle": 0, "axis": "y", "origin": [20.4, 9, 21.25]},
			"faces": {
				"west": {"uv": [0, 11.375, 3.817, 16], "rotation": 90, "texture": "#0"}
			}
		},
		{
			"from": [13.5, 1, 13.4],
			"to": [13.5, 2.225, 15],
			"rotation": {"angle": 0, "axis": "y", "origin": [13.5, 7.81875, 14.2]},
			"faces": {
				"east": {"uv": [0, 11.375, 3.817, 16], "rotation": 90, "texture": "#0"}
			}
		},
		{
			"from": [3.35, 1, 13.4],
			"to": [3.35, 2.225, 15],
			"rotation": {"angle": 0, "axis": "y", "origin": [3.35, 7.81875, 14.2]},
			"faces": {
				"east": {"uv": [0, 11.375, 3.817, 16], "rotation": 90, "texture": "#0"}
			}
		},
		{
			"from": [2.525, 18, 13.425],
			"to": [3.325, 18.2, 14.975],
			"rotation": {"angle": 0, "axis": "y", "origin": [10.25, 26, 21.25]},
			"faces": {
				"north": {"uv": [2, 0, 3, 1], "texture": "#0"},
				"east": {"uv": [2, 0, 3, 1], "texture": "#0"},
				"south": {"uv": [2, 0, 3, 1], "texture": "#0"},
				"west": {"uv": [2, 0, 3, 1], "texture": "#0"},
				"up": {"uv": [2, 2, 9, 5], "rotation": 90, "texture": "#0"}
			}
		},
		{
			"from": [2.525, 0.8, 13.425],
			"to": [3.325, 1, 14.975],
			"rotation": {"angle": 0, "axis": "y", "origin": [10.25, 8.8, 21.25]},
			"faces": {
				"north": {"uv": [2, 0, 3, 1], "texture": "#0"},
				"east": {"uv": [2, 0, 3, 1], "texture": "#0"},
				"south": {"uv": [2, 0, 3, 1], "texture": "#0"},
				"west": {"uv": [2, 0, 3, 1], "texture": "#0"},
				"down": {"uv": [2, 2, 9, 5], "rotation": 90, "texture": "#0"}
			}
		},
		{
			"from": [12.65, 1, 13.4],
			"to": [13.5, 18, 15],
			"rotation": {"angle": 0, "axis": "y", "origin": [20.75, 9, 21.25]},
			"faces": {
				"north": {"uv": [0, 2, 2, 4], "rotation": 90, "texture": "#0"},
				"south": {"uv": [0, 2, 2, 4], "rotation": 90, "texture": "#0"},
				"up": {"uv": [0, 2, 2, 4], "rotation": 90, "texture": "#0"},
				"down": {"uv": [0, 2, 2, 4], "rotation": 90, "texture": "#0"}
			}
		},
		{
			"from": [12.675, 18, 13.425],
			"to": [13.475, 18.2, 14.975],
			"rotation": {"angle": 0, "axis": "y", "origin": [20.75, 26, 21.25]},
			"faces": {
				"north": {"uv": [2, 0, 3, 1], "texture": "#0"},
				"east": {"uv": [2, 0, 3, 1], "texture": "#0"},
				"south": {"uv": [2, 0, 3, 1], "texture": "#0"},
				"west": {"uv": [2, 0, 3, 1], "texture": "#0"},
				"up": {"uv": [2, 2, 9, 5], "rotation": 90, "texture": "#0"}
			}
		},
		{
			"from": [12.675, 0.8, 13.425],
			"to": [13.475, 1, 14.975],
			"rotation": {"angle": 0, "axis": "y", "origin": [20.75, 8.8, 21.25]},
			"faces": {
				"north": {"uv": [2, 0, 3, 1], "texture": "#0"},
				"east": {"uv": [2, 0, 3, 1], "texture": "#0"},
				"south": {"uv": [2, 0, 3, 1], "texture": "#0"},
				"west": {"uv": [2, 0, 3, 1], "texture": "#0"},
				"down": {"uv": [2, 2, 9, 5], "rotation": 90, "texture": "#0"}
			}
		},
		{
			"from": [2.5, 4.9, 13.95],
			"to": [13.5, 4.9, 14.45],
			"rotation": {"angle": 0, "axis": "x", "origin": [8, 4.55, 14.2]},
			"faces": {
				"up": {"uv": [0, 1, 16, 2], "rotation": 180, "texture": "#0"},
				"down": {"uv": [1, 0, 2, 1], "rotation": 180, "texture": "#0"}
			}
		},
		{
			"from": [2.5, 4.544, 13.75],
			"to": [13.5, 4.699, 13.75],
			"rotation": {"angle": 45, "axis": "x", "origin": [8, 4.55, 14.1]},
			"faces": {
				"north": {"uv": [0, 0, 1, 1], "texture": "#0"},
				"south": {"uv": [1, 0, 2, 1], "rotation": 180, "texture": "#0"}
			}
		},
		{
			"from": [2.5, 5, 14.194],
			"to": [13.5, 5, 14.349],
			"rotation": {"angle": 45, "axis": "x", "origin": [8, 4.65, 14.2]},
			"faces": {
				"up": {"uv": [0, 0, 1, 1], "rotation": 180, "texture": "#0"},
				"down": {"uv": [0, 0, 1, 1], "rotation": 180, "texture": "#0"}
			}
		},
		{
			"from": [2.5, 4.444, 13.85],
			"to": [13.5, 4.599, 13.85],
			"rotation": {"angle": -45, "axis": "x", "origin": [8, 4.45, 14.2]},
			"faces": {
				"north": {"uv": [0, 0, 1, 1], "texture": "#0"},
				"south": {"uv": [1, 0, 2, 1], "rotation": 180, "texture": "#0"}
			}
		},
		{
			"from": [2.5, 4.25195, 14.41943],
			"to": [13.5, 4.25195, 14.57443],
			"rotation": {"angle": -45, "axis": "x", "origin": [8, 4.25195, 14.49693]},
			"faces": {
				"up": {"uv": [1, 0, 2, 1], "rotation": 180, "texture": "#0"},
				"down": {"uv": [0, 0, 1, 1], "rotation": 180, "texture": "#0"}
			}
		},
		{
			"from": [2.5, 4.3, 14.55],
			"to": [13.5, 4.8, 14.55],
			"rotation": {"angle": 0, "axis": "x", "origin": [8, 4.55, 14.2]},
			"faces": {
				"north": {"uv": [1, 0, 2, 1], "rotation": 180, "texture": "#0"},
				"south": {"uv": [0, 0, 1, 1], "rotation": 180, "texture": "#0"}
			}
		},
		{
			"from": [2.5, 4.2, 13.95],
			"to": [13.5, 4.2, 14.45],
			"rotation": {"angle": 0, "axis": "x", "origin": [8, 4.55, 14.2]},
			"faces": {
				"up": {"uv": [1, 0, 2, 1], "rotation": 180, "texture": "#0"},
				"down": {"uv": [0, 0, 1, 1], "rotation": 180, "texture": "#0"}
			}
		},
		{
			"from": [2.5, 4.3, 13.85],
			"to": [13.5, 4.8, 13.85],
			"rotation": {"angle": 0, "axis": "x", "origin": [8, 4.55, 14.2]},
			"faces": {
				"north": {"uv": [0, 0, 1, 1], "texture": "#0"},
				"south": {"uv": [1, 0, 2, 1], "rotation": 180, "texture": "#0"}
			}
		},
		{
			"from": [2.5, 10.225, 13.95],
			"to": [13.5, 10.225, 14.45],
			"rotation": {"angle": 0, "axis": "x", "origin": [8, 9.875, 14.2]},
			"faces": {
				"up": {"uv": [0, 1, 16, 2], "rotation": 180, "texture": "#0"},
				"down": {"uv": [1, 0, 2, 1], "rotation": 180, "texture": "#0"}
			}
		},
		{
			"from": [2.5, 9.869, 13.75],
			"to": [13.5, 10.024, 13.75],
			"rotation": {"angle": 45, "axis": "x", "origin": [8, 9.875, 14.1]},
			"faces": {
				"north": {"uv": [0, 0, 1, 1], "texture": "#0"},
				"south": {"uv": [1, 0, 2, 1], "rotation": 180, "texture": "#0"}
			}
		},
		{
			"from": [2.5, 10.325, 14.194],
			"to": [13.5, 10.325, 14.349],
			"rotation": {"angle": 45, "axis": "x", "origin": [8, 9.975, 14.2]},
			"faces": {
				"up": {"uv": [0, 0, 1, 1], "rotation": 180, "texture": "#0"},
				"down": {"uv": [1, 0, 2, 1], "rotation": 180, "texture": "#0"}
			}
		},
		{
			"from": [2.5, 9.769, 13.85],
			"to": [13.5, 9.924, 13.85],
			"rotation": {"angle": -45, "axis": "x", "origin": [8, 9.775, 14.2]},
			"faces": {
				"north": {"uv": [0, 0, 1, 1], "texture": "#0"},
				"south": {"uv": [1, 0, 2, 1], "rotation": 180, "texture": "#0"}
			}
		},
		{
			"from": [2.5, 9.525, 14.151],
			"to": [13.5, 9.525, 14.306],
			"rotation": {"angle": -45, "axis": "x", "origin": [8, 9.875, 14.3]},
			"faces": {
				"up": {"uv": [1, 0, 2, 1], "rotation": 180, "texture": "#0"},
				"down": {"uv": [0, 0, 1, 1], "rotation": 180, "texture": "#0"}
			}
		},
		{
			"from": [2.5, 9.625, 14.55],
			"to": [13.5, 10.125, 14.55],
			"rotation": {"angle": 0, "axis": "x", "origin": [8, 9.875, 14.2]},
			"faces": {
				"north": {"uv": [1, 0, 2, 1], "rotation": 180, "texture": "#0"},
				"south": {"uv": [0, 0, 1, 1], "rotation": 180, "texture": "#0"}
			}
		},
		{
			"from": [2.5, 9.525, 13.95],
			"to": [13.5, 9.525, 14.45],
			"rotation": {"angle": 0, "axis": "x", "origin": [8, 9.875, 14.2]},
			"faces": {
				"up": {"uv": [1, 0, 2, 1], "rotation": 180, "texture": "#0"},
				"down": {"uv": [0, 0, 1, 1], "rotation": 180, "texture": "#0"}
			}
		},
		{
			"from": [2.5, 9.625, 13.85],
			"to": [13.5, 10.125, 13.85],
			"rotation": {"angle": 0, "axis": "x", "origin": [8, 9.875, 14.2]},
			"faces": {
				"north": {"uv": [0, 0, 1, 1], "texture": "#0"},
				"south": {"uv": [1, 0, 2, 1], "rotation": 180, "texture": "#0"}
			}
		},
		{
			"from": [2.5, 15.55, 13.95],
			"to": [13.5, 15.55, 14.45],
			"rotation": {"angle": 0, "axis": "x", "origin": [8, 15.2, 14.2]},
			"faces": {
				"up": {"uv": [0, 1, 16, 2], "rotation": 180, "texture": "#0"},
				"down": {"uv": [1, 0, 2, 1], "rotation": 180, "texture": "#0"}
			}
		},
		{
			"from": [2.5, 15.194, 13.75],
			"to": [13.5, 15.349, 13.75],
			"rotation": {"angle": 45, "axis": "x", "origin": [8, 15.2, 14.1]},
			"faces": {
				"north": {"uv": [0, 0, 1, 1], "texture": "#0"},
				"south": {"uv": [1, 0, 2, 1], "rotation": 180, "texture": "#0"}
			}
		},
		{
			"from": [2.5, 15.65, 14.194],
			"to": [13.5, 15.65, 14.349],
			"rotation": {"angle": 45, "axis": "x", "origin": [8, 15.3, 14.2]},
			"faces": {
				"up": {"uv": [0, 0, 1, 1], "rotation": 180, "texture": "#0"},
				"down": {"uv": [1, 0, 2, 1], "rotation": 180, "texture": "#0"}
			}
		},
		{
			"from": [2.5, 15.094, 13.85],
			"to": [13.5, 15.249, 13.85],
			"rotation": {"angle": -45, "axis": "x", "origin": [8, 15.1, 14.2]},
			"faces": {
				"north": {"uv": [0, 0, 1, 1], "texture": "#0"},
				"south": {"uv": [1, 0, 2, 1], "rotation": 180, "texture": "#0"}
			}
		},
		{
			"from": [2.5, 14.85, 14.151],
			"to": [13.5, 14.85, 14.306],
			"rotation": {"angle": -45, "axis": "x", "origin": [8, 15.2, 14.3]},
			"faces": {
				"up": {"uv": [1, 0, 2, 1], "rotation": 180, "texture": "#0"},
				"down": {"uv": [0, 0, 1, 1], "rotation": 180, "texture": "#0"}
			}
		},
		{
			"from": [2.5, 14.95, 14.55],
			"to": [13.5, 15.45, 14.55],
			"rotation": {"angle": 0, "axis": "x", "origin": [8, 15.2, 14.2]},
			"faces": {
				"north": {"uv": [1, 0, 2, 1], "rotation": 180, "texture": "#0"},
				"south": {"uv": [0, 0, 1, 1], "rotation": 180, "texture": "#0"}
			}
		},
		{
			"from": [2.5, 14.85, 13.95],
			"to": [13.5, 14.85, 14.45],
			"rotation": {"angle": 0, "axis": "x", "origin": [8, 15.2, 14.2]},
			"faces": {
				"up": {"uv": [1, 0, 2, 1], "rotation": 180, "texture": "#0"},
				"down": {"uv": [0, 0, 1, 1], "rotation": 180, "texture": "#0"}
			}
		},
		{
			"from": [2.5, 14.95, 13.85],
			"to": [13.5, 15.45, 13.85],
			"rotation": {"angle": 0, "axis": "x", "origin": [8, 15.2, 14.2]},
			"faces": {
				"north": {"uv": [0, 0, 1, 1], "texture": "#0"},
				"south": {"uv": [1, 0, 2, 1], "rotation": 180, "texture": "#0"}
			}
		},
		{
			"from": [2.35, 12.2, 13.9],
			"to": [3.5, 12.8, 15.15],
			"rotation": {"angle": 0, "axis": "y", "origin": [10, 7.7, 21.35]},
			"faces": {
				"north": {"uv": [2, 0, 3, 1], "texture": "#0"},
				"east": {"uv": [2, 0, 3, 1], "texture": "#0"},
				"south": {"uv": [2, 0, 3, 1], "texture": "#0"},
				"west": {"uv": [2, 0, 3, 1], "texture": "#0"},
				"up": {"uv": [2, 0, 3, 1], "texture": "#0"},
				"down": {"uv": [2, 0, 3, 1], "texture": "#0"}
			}
		},
		{
			"from": [12.475, 12.3, 14],
			"to": [13.675, 12.7, 15.175],
			"rotation": {"angle": 0, "axis": "y", "origin": [10, 7.7, 21.35]},
			"faces": {
				"north": {"uv": [2, 0, 3, 1], "texture": "#0"},
				"east": {"uv": [2, 0, 3, 1], "texture": "#0"},
				"south": {"uv": [2, 0, 3, 1], "texture": "#0"},
				"west": {"uv": [2, 0, 3, 1], "texture": "#0"},
				"up": {"uv": [2, 0, 3, 1], "texture": "#0"},
				"down": {"uv": [2, 0, 3, 1], "texture": "#0"}
			}
		},
		{
			"from": [2.325, 12.3, 14],
			"to": [3.525, 12.7, 15.175],
			"rotation": {"angle": 0, "axis": "y", "origin": [10, 7.7, 21.35]},
			"faces": {
				"north": {"uv": [2, 0, 3, 1], "texture": "#0"},
				"east": {"uv": [2, 0, 3, 1], "texture": "#0"},
				"south": {"uv": [2, 0, 3, 1], "texture": "#0"},
				"west": {"uv": [2, 0, 3, 1], "texture": "#0"},
				"up": {"uv": [2, 0, 3, 1], "texture": "#0"},
				"down": {"uv": [2, 0, 3, 1], "texture": "#0"}
			}
		},
		{
			"from": [12.5, 12.2, 13.9],
			"to": [13.65, 12.8, 15.15],
			"rotation": {"angle": 0, "axis": "y", "origin": [20.75, 7.7, 21.35]},
			"faces": {
				"north": {"uv": [2, 0, 3, 1], "texture": "#0"},
				"east": {"uv": [2, 0, 3, 1], "texture": "#0"},
				"south": {"uv": [2, 0, 3, 1], "texture": "#0"},
				"west": {"uv": [2, 0, 3, 1], "texture": "#0"},
				"up": {"uv": [2, 0, 3, 1], "texture": "#0"},
				"down": {"uv": [2, 0, 3, 1], "texture": "#0"}
			}
		},
		{
			"from": [2.75, 12.3, 14.4],
			"to": [3.1, 12.7, 16],
			"rotation": {"angle": 0, "axis": "y", "origin": [10.25, 7.7, 22.25]},
			"faces": {
				"east": {"uv": [2, 0, 3, 1], "texture": "#0"},
				"west": {"uv": [2, 0, 3, 1], "texture": "#0"},
				"up": {"uv": [2, 0, 3, 1], "texture": "#0"},
				"down": {"uv": [2, 0, 3, 1], "texture": "#0"}
			}
		},
		{
			"from": [2.725, 12.275, 15.875],
			"to": [3.125, 12.725, 16.05],
			"rotation": {"angle": 0, "axis": "y", "origin": [10.25, 7.7, 22.3]},
			"faces": {
				"north": {"uv": [2, 0, 3, 1], "texture": "#0"},
				"east": {"uv": [2, 0, 3, 1], "texture": "#0"},
				"south": {"uv": [2, 0, 3, 1], "texture": "#0"},
				"west": {"uv": [2, 0, 3, 1], "texture": "#0"},
				"up": {"uv": [2, 0, 3, 1], "texture": "#0"},
				"down": {"uv": [2, 0, 3, 1], "texture": "#0"}
			}
		},
		{
			"from": [12.9, 12.3, 14.4],
			"to": [13.25, 12.7, 16],
			"rotation": {"angle": 0, "axis": "y", "origin": [20.4, 7.7, 22.25]},
			"faces": {
				"east": {"uv": [2, 0, 3, 1], "texture": "#0"},
				"west": {"uv": [2, 0, 3, 1], "texture": "#0"},
				"up": {"uv": [2, 0, 3, 1], "texture": "#0"},
				"down": {"uv": [2, 0, 3, 1], "texture": "#0"}
			}
		},
		{
			"from": [12.875, 12.275, 15.875],
			"to": [13.275, 12.725, 16.05],
			"rotation": {"angle": 0, "axis": "y", "origin": [20.4, 7.7, 22.3]},
			"faces": {
				"north": {"uv": [2, 0, 3, 1], "texture": "#0"},
				"east": {"uv": [2, 0, 3, 1], "texture": "#0"},
				"south": {"uv": [2, 0, 3, 1], "texture": "#0"},
				"west": {"uv": [2, 0, 3, 1], "texture": "#0"},
				"up": {"uv": [2, 0, 3, 1], "texture": "#0"},
				"down": {"uv": [2, 0, 3, 1], "texture": "#0"}
			}
		}
	],
	"groups": [0, 1, 2, 3, 4, 5, 6, 7, 8, 9, 10, 11, 12, 13, 14, 15, 16, 17, 18, 19, 20, 21,
		{
			"name": "group",
			"origin": [8, 4.55, 14.2],
			"children": [22, 23, 24, 25, 26, 27, 28, 29]
		},
		{
			"name": "group",
			"origin": [8, 4.55, 14.2],
			"children": [30, 31, 32, 33, 34, 35, 36, 37]
		},
		{
			"name": "group",
			"origin": [8, 4.55, 14.2],
			"children": [38, 39, 40, 41, 42, 43, 44, 45]
		},
		{
			"name": "group",
			"origin": [20.4, 9, 22.25],
			"children": [46, 47, 48, 49, 50, 51, 52, 53]
		}
	]
}