{
	"credit": "Made with Blockbench",
	"textures": {
		"0": "block/nether_bricks",
		"particle": "block/nether_bricks"
	},
	"elements": [
		{
			"name": "top bar",
			"from": [8, 12, 7],
			"to": [16, 15, 9],
			"faces": {
				"north": {"uv": [8, 1, 0, 4], "rotation": 180, "texture": "#0"},
				"east": {"uv": [7, 1, 9, 4], "texture": "#0", "cullface": "east"},
				"south": {"uv": [16, 1, 8, 4], "rotation": 180, "texture": "#0"},
				"up": {"uv": [16, 0, 8, 2], "rotation": 180, "texture": "#0"},
				"down": {"uv": [16, 0, 8, 2], "rotation": 180, "texture": "#0"}
			}
		},
		{
			"name": "lower bar",
			"from": [8, 6, 7],
			"to": [16, 9, 9],
			"faces": {
				"north": {"uv": [8, 7, 0, 10], "rotation": 180, "texture": "#0"},
				"east": {"uv": [7, 7, 9, 10], "texture": "#0", "cullface": "east"},
				"south": {"uv": [16, 7, 8, 10], "rotation": 180, "texture": "#0"},
				"up": {"uv": [16, 14, 8, 16], "rotation": 180, "texture": "#0"},
				"down": {"uv": [16, 14, 8, 16], "rotation": 180, "texture": "#0"}
			}
		}
	]
}