{
	"credit": "Made with Blockbench",
	"textures": {
		"0": "block/oak_planks",
		"particle": "block/oak_planks"
	},
	"elements": [
		{
			"name": "top bar",
			"from": [7, 12, 8],
			"to": [9, 15, 16],
			"faces": {
				"east": {"uv": [8, 1, 0, 4], "rotation": 180, "texture": "#0"},
				"south": {"uv": [7, 1, 9, 4], "texture": "#0", "cullface": "south"},
				"west": {"uv": [16, 1, 8, 4], "rotation": 180, "texture": "#0"},
				"up": {"uv": [16, 0, 8, 2], "rotation": 90, "texture": "#0"},
				"down": {"uv": [16, 0, 8, 2], "rotation": 90, "texture": "#0"}
			}
		},
		{
			"name": "lower bar",
			"from": [7, 6, 8],
			"to": [9, 9, 16],
			"faces": {
				"east": {"uv": [8, 7, 0, 10], "rotation": 180, "texture": "#0"},
				"south": {"uv": [7, 7, 9, 10], "texture": "#0", "cullface": "south"},
				"west": {"uv": [16, 7, 8, 10], "rotation": 180, "texture": "#0"},
				"up": {"uv": [16, 14, 8, 16], "rotation": 90, "texture": "#0"},
				"down": {"uv": [16, 14, 8, 16], "rotation": 90, "texture": "#0"}
			}
		}
	]
}