{
	"credit": "Made with Blockbench",
	"textures": {
		"0": "block/umsoea_models/orange_tulip",
		"1": "block/umsoea_models/flower_stem",
		"particle": "block/umsoea_models/orange_tulip"
	},
	"elements": [
		{
			"from": [7.3, 8, 9],
			"to": [10.3, 8, 12],
			"rotation": {"angle": 0, "axis": "y", "origin": [16.3, 15, 18]},
			"faces": {
				"up": {"uv": [0, 0, 16, 16], "texture": "#0"}
			}
		},
		{
			"from": [11.25, 7, 4.95],
			"to": [13.25, 7, 6.95],
			"rotation": {"angle": 0, "axis": "y", "origin": [20, 14, 13.7]},
			"faces": {
				"up": {"uv": [0, 0, 16, 16], "texture": "#0"}
			}
		},
		{
			"from": [6.25, 5, 1.75],
			"to": [8.75, 5, 4.25],
			"rotation": {"angle": -22.5, "axis": "x", "origin": [7.5, 5, 3]},
			"faces": {
				"up": {"uv": [0, 0, 16, 16], "texture": "#0"}
			}
		},
		{
			"from": [12, 5, 12],
			"to": [14.5, 5, 14.5],
			"rotation": {"angle": 22.5, "axis": "x", "origin": [13.5, 5, 13.5]},
			"faces": {
				"up": {"uv": [0, 0, 16, 16], "rotation": 90, "texture": "#0"}
			}
		},
		{
			"from": [2.8, 5, 8],
			"to": [4.8, 5, 10],
			"rotation": {"angle": 22.5, "axis": "z", "origin": [4.3, 5, 9.5]},
			"faces": {
				"up": {"uv": [0, 0, 16, 16], "texture": "#0"}
			}
		},
		{
			"from": [9, 0, 8.625],
			"to": [9, 8, 12.325],
			"rotation": {"angle": 0, "axis": "y", "origin": [17, 6, 13.3]},
			"faces": {
				"east": {"uv": [12.078, 0, 4.657, 16], "texture": "#1"},
				"west": {"uv": [4.657, 0, 12.078, 16], "texture": "#1"}
			}
		},
		{
			"from": [13, -1, 11.8],
			"to": [13, 5, 14.575],
			"rotation": {"angle": 45, "axis": "y", "origin": [13, 2, 13.05]},
			"faces": {
				"east": {"uv": [12.078, 0, 4.657, 16], "texture": "#1"},
				"west": {"uv": [4.657, 0, 12.078, 16], "texture": "#1"}
			}
		},
		{
			"from": [13, -1, 3.875],
			"to": [13, 7, 7.575],
			"rotation": {"angle": 45, "axis": "y", "origin": [13, 2, 6.55]},
			"faces": {
				"east": {"uv": [12.078, 0, 4.617, 16], "texture": "#1"},
				"west": {"uv": [4.617, 0, 12.078, 16], "texture": "#1"}
			}
		},
		{
			"from": [11.75, -1, -3.225],
			"to": [11.75, 5, -0.45],
			"rotation": {"angle": -45, "axis": "y", "origin": [3.75, 6, -4.7]},
			"faces": {
				"east": {"uv": [4.695, 0, 12.078, 16], "texture": "#1"},
				"west": {"uv": [12.078, 0, 4.695, 16], "texture": "#1"}
			}
		},
		{
			"from": [2.825, -0.2, 8.9],
			"to": [5.15, 4.8, 8.9],
			"rotation": {"angle": 0, "axis": "y", "origin": [-0.4, 5.8, 16.9]},
			"faces": {
				"north": {"uv": [4.657, 0, 12.078, 16], "texture": "#1"},
				"south": {"uv": [12.078, 0, 4.657, 16], "texture": "#1"}
			}
		}
	]
}