{
	"credit": "Made with Blockbench",
	"textures": {
		"0": "block/umsoea_models/oxeye_daisy",
		"1": "block/umsoea_models/flower_stem",
		"particle": "block/umsoea_models/oxeye_daisy"
	},
	"elements": [
		{
			"from": [7.5, 8, 5.2],
			"to": [10.1, 8, 7.8],
			"rotation": {"angle": 0, "axis": "y", "origin": [16.3, 15, 14]},
			"faces": {
				"up": {"uv": [0, 0, 16, 16], "texture": "#0"}
			}
		},
		{
			"from": [12.25, 7, 6.95],
			"to": [14.25, 7, 8.95],
			"rotation": {"angle": 0, "axis": "y", "origin": [21, 14, 15.7]},
			"faces": {
				"up": {"uv": [0, 0, 16, 16], "texture": "#0"}
			}
		},
		{
			"from": [5.05, 5, 1.75],
			"to": [7.15, 5, 3.85],
			"rotation": {"angle": -22.5, "axis": "x", "origin": [6.1, 5, 2.8]},
			"faces": {
				"up": {"uv": [0, 0, 16, 16], "texture": "#0"}
			}
		},
		{
			"from": [8.2, 5, 11.8],
			"to": [10.3, 5, 13.9],
			"rotation": {"angle": 22.5, "axis": "x", "origin": [9.5, 5, 13.1]},
			"faces": {
				"up": {"uv": [0, 0, 16, 16], "rotation": 90, "texture": "#0"}
			}
		},
		{
			"from": [3.8, 5, 8],
			"to": [5.8, 5, 10],
			"rotation": {"angle": 22.5, "axis": "z", "origin": [5.3, 5, 9.5]},
			"faces": {
				"up": {"uv": [0, 0, 16, 16], "texture": "#0"}
			}
		},
		{
			"from": [9, 0, 4.625],
			"to": [9, 8, 8.325],
			"rotation": {"angle": 0, "axis": "y", "origin": [17, 6, 9.3]},
			"faces": {
				"east": {"uv": [12.157, 0, 4.657, 16], "texture": "#1"},
				"west": {"uv": [4.657, 0, 12.157, 16], "texture": "#1"}
			}
		},
		{
			"from": [9, -1, 11.4],
			"to": [9, 5, 14.175],
			"rotation": {"angle": 45, "axis": "y", "origin": [9, 2, 12.65]},
			"faces": {
				"east": {"uv": [12.117, 0, 4.657, 16], "texture": "#1"},
				"west": {"uv": [4.657, 0, 12.117, 16], "texture": "#1"}
			}
		},
		{
			"from": [14, -1, 5.875],
			"to": [14, 7, 9.575],
			"rotation": {"angle": 45, "axis": "y", "origin": [14, 2, 8.55]},
			"faces": {
				"east": {"uv": [12.078, 0, 4.657, 16], "texture": "#1"},
				"west": {"uv": [4.657, 0, 12.078, 16], "texture": "#1"}
			}
		},
		{
			"from": [10.35, -1, -3.425],
			"to": [10.35, 5, -0.65],
			"rotation": {"angle": -45, "axis": "y", "origin": [2.35, 6, -4.9]},
			"faces": {
				"east": {"uv": [4.657, 0, 12.078, 16], "texture": "#1"},
				"west": {"uv": [12.078, 0, 4.657, 16], "texture": "#1"}
			}
		},
		{
			"from": [3.825, -0.2, 8.9],
			"to": [6.15, 4.8, 8.9],
			"rotation": {"angle": 0, "axis": "y", "origin": [0.6, 5.8, 16.9]},
			"faces": {
				"north": {"uv": [4.617, 0, 12.078, 16], "texture": "#1"},
				"south": {"uv": [12.078, 0, 4.617, 16], "texture": "#1"}
			}
		}
	]
}