{
	"credit": "Made with Blockbench",
	"textures": {
		"1": "block/redstone_lamp",
		"2": "block/redstone_lamp_on",
		"particle": "block/redstone_lamp_on"
	},
	"elements": [
		{
			"from": [0, 0, 0],
			"to": [16, 16, 16],
			"faces": {
				"north": {"uv": [0, 0, 16, 16], "texture": "#2", "cullface": "north"},
				"east": {"uv": [0, 0, 16, 16], "texture": "#2", "cullface": "east"},
				"south": {"uv": [0, 0, 16, 16], "texture": "#2", "cullface": "south"},
				"west": {"uv": [0, 0, 16, 16], "texture": "#2", "cullface": "west"},
				"up": {"uv": [0, 0, 16, 16], "texture": "#2", "cullface": "up"},
				"down": {"uv": [0, 0, 16, 16], "texture": "#2", "cullface": "down"}
			}
		},
		{
			"from": [15.75, 15.75, 15.75],
			"to": [16.001, 16.001, 16.001],
			"faces": {
				"east": {"uv": [0, 15.75, 0.251, 16], "rotation": 90, "texture": "#1"},
				"south": {"uv": [0, 15.75, 0.251, 16], "rotation": 180, "texture": "#1"},
				"up": {"uv": [0, 15.75, 0.251, 16], "rotation": 270, "texture": "#1"}
			}
		},
		{
			"from": [15.75, -0.001, -0.001],
			"to": [16.001, 0.25, 0.25],
			"faces": {
				"north": {"uv": [0, 15.75, 0.251, 16], "texture": "#1"},
				"east": {"uv": [0, 15.75, 0.251, 16], "rotation": 270, "texture": "#1"},
				"down": {"uv": [0, 15.75, 0.251, 16], "rotation": 270, "texture": "#1"}
			}
		},
		{
			"from": [-0.001, 15.75, -0.001],
			"to": [0.25, 16.001, 0.25],
			"faces": {
				"north": {"uv": [0, 15.75, 0.251, 16], "rotation": 180, "texture": "#1"},
				"west": {"uv": [0, 15.75, 0.251, 16], "rotation": 90, "texture": "#1"},
				"up": {"uv": [0, 15.75, 0.251, 16], "rotation": 90, "texture": "#1"}
			}
		},
		{
			"from": [-0.001, -0.001, 15.75],
			"to": [0.25, 0.25, 16.001],
			"faces": {
				"south": {"uv": [0, 15.75, 0.251, 16], "texture": "#1"},
				"west": {"uv": [0, 15.75, 0.251, 16], "rotation": 270, "texture": "#1"},
				"down": {"uv": [0, 15.75, 0.251, 16], "rotation": 90, "texture": "#1"}
			}
		},
		{
			"from": [15.75, 15.75, -0.001],
			"to": [16.001, 16.001, 0.25],
			"faces": {
				"north": {"uv": [0, 15.75, 0.251, 16], "rotation": 90, "texture": "#1"},
				"east": {"uv": [0, 15.75, 0.251, 16], "rotation": 180, "texture": "#1"},
				"up": {"uv": [0, 15.75, 0.251, 16], "rotation": 180, "texture": "#1"}
			}
		},
		{
			"from": [15.75, -0.001, 15.75],
			"to": [16.001, 0.25, 16.001],
			"faces": {
				"east": {"uv": [0, 15.75, 0.251, 16], "texture": "#1"},
				"south": {"uv": [0, 15.75, 0.251, 16], "rotation": 270, "texture": "#1"},
				"down": {"uv": [0, 15.75, 0.251, 16], "rotation": 180, "texture": "#1"}
			}
		},
		{
			"from": [-0.001, 15.75, 15.75],
			"to": [0.25, 16.001, 16.001],
			"faces": {
				"south": {"uv": [0, 15.75, 0.251, 16], "rotation": 90, "texture": "#1"},
				"west": {"uv": [0, 15.75, 0.251, 16], "rotation": 180, "texture": "#1"},
				"up": {"uv": [0, 15.75, 0.251, 16], "texture": "#1"}
			}
		},
		{
			"from": [-0.001, -0.001, -0.001],
			"to": [0.25, 0.25, 0.25],
			"faces": {
				"north": {"uv": [0, 15.75, 0.251, 16], "rotation": 270, "texture": "#1"},
				"west": {"uv": [0, 15.75, 0.251, 16], "texture": "#1"},
				"down": {"uv": [0, 15.75, 0.251, 16], "texture": "#1"}
			}
		}
	],
	"display": {
		"thirdperson_righthand": {
			"rotation": [75, 45, 0],
			"translation": [0, 2.5, 0],
			"scale": [0.375, 0.375, 0.375]
		},
		"firstperson_righthand": {
			"rotation": [0, 45, 0],
			"scale": [0.4, 0.4, 0.4]
		},
		"firstperson_lefthand": {
			"rotation": [0, 225, 0],
			"scale": [0.4, 0.4, 0.4]
		},
		"ground": {
			"translation": [0, 3, 0],
			"scale": [0.25, 0.25, 0.25]
		},
		"gui": {
			"rotation": [30, 225, 0],
			"scale": [0.625, 0.625, 0.625]
		},
		"fixed": {
			"scale": [0.5, 0.5, 0.5]
		}
	}
}