{
	"credit": "by umsoea, made with Blockbench",
	"textures": {
		"0": "block/umsoea_models/ladder1",
		"1": "block/umsoea_models/scaffolding",
		"particle": "block/umsoea_models/scaffolding"
	},
	"elements": [
		{
			"from": [-2.525, 31.9, -2.525],
			"to": [-0.075, 31.9, -0.075],
			"rotation": {"angle": 0, "axis": "y", "origin": [6.7, 39.9, 3.7]},
			"faces": {
				"up": {"uv": [12, 0, 16, 4], "texture": "#1", "cullface": "south"}
			}
		},
		{
			"from": [-2.525, -0.1, -2.525],
			"to": [-0.075, -0.1, -0.075],
			"rotation": {"angle": 0, "axis": "y", "origin": [6.7, -8.1, 3.7]},
			"faces": {
				"down": {"uv": [12, 0, 16, 4], "texture": "#1", "cullface": "south"}
			}
		},
		{
			"from": [-2.525, 31.9, 16.075],
			"to": [-0.075, 31.9, 18.525],
			"rotation": {"angle": 0, "axis": "y", "origin": [6.7, 39.9, 22.3]},
			"faces": {
				"up": {"uv": [12, 0, 16, 4], "texture": "#1", "cullface": "south"}
			}
		},
		{
			"from": [-2.525, -0.1, 16.075],
			"to": [-0.075, -0.1, 18.525],
			"rotation": {"angle": 0, "axis": "y", "origin": [6.7, -8.1, 22.3]},
			"faces": {
				"down": {"uv": [12, 0, 16, 4], "texture": "#1", "cullface": "south"}
			}
		},
		{
			"from": [16.075, 31.9, -2.525],
			"to": [18.525, 31.9, -0.075],
			"rotation": {"angle": 0, "axis": "y", "origin": [25.3, 39.9, 3.7]},
			"faces": {
				"up": {"uv": [12, 0, 16, 4], "texture": "#1", "cullface": "south"}
			}
		},
		{
			"from": [16.075, -0.1, -2.525],
			"to": [18.525, -0.1, -0.075],
			"rotation": {"angle": 0, "axis": "y", "origin": [25.3, -8.1, 3.7]},
			"faces": {
				"down": {"uv": [12, 0, 16, 4], "texture": "#1", "cullface": "south"}
			}
		},
		{
			"from": [16.075, 31.9, 16.075],
			"to": [18.525, 31.9, 18.525],
			"rotation": {"angle": 0, "axis": "y", "origin": [25.3, 39.9, 22.3]},
			"faces": {
				"up": {"uv": [12, 0, 16, 4], "texture": "#1", "cullface": "south"}
			}
		},
		{
			"from": [16.075, -0.1, 16.075],
			"to": [18.525, -0.1, 18.525],
			"rotation": {"angle": 0, "axis": "y", "origin": [25.3, -8.1, 22.3]},
			"faces": {
				"down": {"uv": [12, 0, 16, 4], "texture": "#1", "cullface": "south"}
			}
		},
		{
			"from": [2.5, 10, 13.4],
			"to": [3.35, 27, 15],
			"rotation": {"angle": 0, "axis": "y", "origin": [10.25, 18, 21.25]},
			"faces": {
				"north": {"uv": [0, 2, 2, 4], "rotation": 90, "texture": "#0"},
				"south": {"uv": [0, 2, 2, 4], "rotation": 90, "texture": "#0"},
				"up": {"uv": [0, 2, 2, 4], "rotation": 90, "texture": "#0"},
				"down": {"uv": [0, 2, 2, 4], "rotation": 90, "texture": "#0"}
			}
		},
		{
			"from": [2.5, 21.425, 13.4],
			"to": [2.5, 27, 15],
			"rotation": {"angle": 0, "axis": "y", "origin": [10.25, 18, 21.25]},
			"faces": {
				"west": {"uv": [0, 11.375, 15.911, 16], "rotation": 90, "texture": "#0"}
			}
		},
		{
			"from": [12.65, 21.425, 13.4],
			"to": [12.65, 27, 15],
			"rotation": {"angle": 0, "axis": "y", "origin": [20.4, 18, 21.25]},
			"faces": {
				"west": {"uv": [0, 11.375, 15.911, 16], "rotation": 90, "texture": "#0"}
			}
		},
		{
			"from": [13.5, 21.425, 13.4],
			"to": [13.5, 27, 15],
			"rotation": {"angle": 0, "axis": "y", "origin": [13.5, 16.81875, 14.2]},
			"faces": {
				"east": {"uv": [0, 11.375, 15.911, 16], "rotation": 90, "texture": "#0"}
			}
		},
		{
			"from": [3.35, 21.425, 13.4],
			"to": [3.35, 27, 15],
			"rotation": {"angle": 0, "axis": "y", "origin": [3.35, 16.81875, 14.2]},
			"faces": {
				"east": {"uv": [0, 11.375, 15.911, 16], "rotation": 90, "texture": "#0"}
			}
		},
		{
			"from": [2.5, 16.1, 13.4],
			"to": [2.5, 21.675, 15],
			"rotation": {"angle": 0, "axis": "y", "origin": [10.25, 18, 21.25]},
			"faces": {
				"west": {"uv": [0, 11.375, 15.911, 16], "rotation": 90, "texture": "#0"}
			}
		},
		{
			"from": [12.65, 16.1, 13.4],
			"to": [12.65, 21.675, 15],
			"rotation": {"angle": 0, "axis": "y", "origin": [20.4, 18, 21.25]},
			"faces": {
				"west": {"uv": [0, 11.375, 15.911, 16], "rotation": 90, "texture": "#0"}
			}
		},
		{
			"from": [13.5, 16.1, 13.4],
			"to": [13.5, 21.675, 15],
			"rotation": {"angle": 0, "axis": "y", "origin": [13.5, 16.81875, 14.2]},
			"faces": {
				"east": {"uv": [0, 11.375, 15.911, 16], "rotation": 90, "texture": "#0"}
			}
		},
		{
			"from": [3.35, 16.1, 13.4],
			"to": [3.35, 21.675, 15],
			"rotation": {"angle": 0, "axis": "y", "origin": [3.35, 16.81875, 14.2]},
			"faces": {
				"east": {"uv": [0, 11.375, 15.911, 16], "rotation": 90, "texture": "#0"}
			}
		},
		{
			"from": [2.5, 10.775, 13.4],
			"to": [2.5, 16.35, 15],
			"rotation": {"angle": 0, "axis": "y", "origin": [10.25, 18, 21.25]},
			"faces": {
				"west": {"uv": [0, 11.375, 15.911, 16], "rotation": 90, "texture": "#0"}
			}
		},
		{
			"from": [12.65, 10.775, 13.4],
			"to": [12.65, 16.35, 15],
			"rotation": {"angle": 0, "axis": "y", "origin": [20.4, 18, 21.25]},
			"faces": {
				"west": {"uv": [0, 11.375, 15.911, 16], "rotation": 90, "texture": "#0"}
			}
		},
		{
			"from": [13.5, 10.775, 13.4],
			"to": [13.5, 16.35, 15],
			"rotation": {"angle": 0, "axis": "y", "origin": [13.5, 16.81875, 14.2]},
			"faces": {
				"east": {"uv": [0, 11.375, 15.911, 16], "rotation": 90, "texture": "#0"}
			}
		},
		{
			"from": [3.35, 10.775, 13.4],
			"to": [3.35, 16.35, 15],
			"rotation": {"angle": 0, "axis": "y", "origin": [3.35, 16.81875, 14.2]},
			"faces": {
				"east": {"uv": [0, 11.375, 15.911, 16], "rotation": 90, "texture": "#0"}
			}
		},
		{
			"from": [2.5, 10, 13.4],
			"to": [2.5, 11.225, 15],
			"rotation": {"angle": 0, "axis": "y", "origin": [10.25, 18, 21.25]},
			"faces": {
				"west": {"uv": [0, 11.375, 3.817, 16], "rotation": 90, "texture": "#0"}
			}
		},
		{
			"from": [12.65, 10, 13.4],
			"to": [12.65, 11.225, 15],
			"rotation": {"angle": 0, "axis": "y", "origin": [20.4, 18, 21.25]},
			"faces": {
				"west": {"uv": [0, 11.375, 3.817, 16], "rotation": 90, "texture": "#0"}
			}
		},
		{
			"from": [13.5, 10, 13.4],
			"to": [13.5, 11.225, 15],
			"rotation": {"angle": 0, "axis": "y", "origin": [13.5, 16.81875, 14.2]},
			"faces": {
				"east": {"uv": [0, 11.375, 3.817, 16], "rotation": 90, "texture": "#0"}
			}
		},
		{
			"from": [3.35, 10, 13.4],
			"to": [3.35, 11.225, 15],
			"rotation": {"angle": 0, "axis": "y", "origin": [3.35, 16.81875, 14.2]},
			"faces": {
				"east": {"uv": [0, 11.375, 3.817, 16], "rotation": 90, "texture": "#0"}
			}
		},
		{
			"from": [2.525, 27, 13.425],
			"to": [3.325, 27.2, 14.975],
			"rotation": {"angle": 0, "axis": "y", "origin": [10.25, 35, 21.25]},
			"faces": {
				"north": {"uv": [2, 0, 3, 1], "texture": "#0"},
				"east": {"uv": [2, 0, 3, 1], "texture": "#0"},
				"south": {"uv": [2, 0, 3, 1], "texture": "#0"},
				"west": {"uv": [2, 0, 3, 1], "texture": "#0"},
				"up": {"uv": [2, 2, 9, 5], "rotation": 90, "texture": "#0"}
			}
		},
		{
			"from": [2.525, 9.8, 13.425],
			"to": [3.325, 10, 14.975],
			"rotation": {"angle": 0, "axis": "y", "origin": [10.25, 17.8, 21.25]},
			"faces": {
				"north": {"uv": [2, 0, 3, 1], "texture": "#0"},
				"east": {"uv": [2, 0, 3, 1], "texture": "#0"},
				"south": {"uv": [2, 0, 3, 1], "texture": "#0"},
				"west": {"uv": [2, 0, 3, 1], "texture": "#0"},
				"down": {"uv": [2, 2, 9, 5], "rotation": 90, "texture": "#0"}
			}
		},
		{
			"from": [12.65, 10, 13.4],
			"to": [13.5, 27, 15],
			"rotation": {"angle": 0, "axis": "y", "origin": [20.75, 18, 21.25]},
			"faces": {
				"north": {"uv": [0, 2, 2, 4], "rotation": 90, "texture": "#0"},
				"south": {"uv": [0, 2, 2, 4], "rotation": 90, "texture": "#0"},
				"up": {"uv": [0, 2, 2, 4], "rotation": 90, "texture": "#0"},
				"down": {"uv": [0, 2, 2, 4], "rotation": 90, "texture": "#0"}
			}
		},
		{
			"from": [12.675, 27, 13.425],
			"to": [13.475, 27.2, 14.975],
			"rotation": {"angle": 0, "axis": "y", "origin": [20.75, 35, 21.25]},
			"faces": {
				"north": {"uv": [2, 0, 3, 1], "texture": "#0"},
				"east": {"uv": [2, 0, 3, 1], "texture": "#0"},
				"south": {"uv": [2, 0, 3, 1], "texture": "#0"},
				"west": {"uv": [2, 0, 3, 1], "texture": "#0"},
				"up": {"uv": [2, 2, 9, 5], "rotation": 90, "texture": "#0"}
			}
		},
		{
			"from": [12.675, 9.8, 13.425],
			"to": [13.475, 10, 14.975],
			"rotation": {"angle": 0, "axis": "y", "origin": [20.75, 17.8, 21.25]},
			"faces": {
				"north": {"uv": [2, 0, 3, 1], "texture": "#0"},
				"east": {"uv": [2, 0, 3, 1], "texture": "#0"},
				"south": {"uv": [2, 0, 3, 1], "texture": "#0"},
				"west": {"uv": [2, 0, 3, 1], "texture": "#0"},
				"down": {"uv": [2, 2, 9, 5], "rotation": 90, "texture": "#0"}
			}
		},
		{
			"from": [2.5, 13.9, 13.95],
			"to": [13.5, 13.9, 14.45],
			"rotation": {"angle": 0, "axis": "x", "origin": [8, 13.55, 14.2]},
			"faces": {
				"up": {"uv": [0, 1, 16, 2], "rotation": 180, "texture": "#0"},
				"down": {"uv": [1, 0, 2, 1], "rotation": 180, "texture": "#0"}
			}
		},
		{
			"from": [2.5, 13.544, 13.75],
			"to": [13.5, 13.699, 13.75],
			"rotation": {"angle": 45, "axis": "x", "origin": [8, 13.55, 14.1]},
			"faces": {
				"north": {"uv": [0, 0, 1, 1], "texture": "#0"},
				"south": {"uv": [1, 0, 2, 1], "rotation": 180, "texture": "#0"}
			}
		},
		{
			"from": [2.5, 14, 14.194],
			"to": [13.5, 14, 14.349],
			"rotation": {"angle": 45, "axis": "x", "origin": [8, 13.65, 14.2]},
			"faces": {
				"up": {"uv": [0, 0, 1, 1], "rotation": 180, "texture": "#0"},
				"down": {"uv": [0, 0, 1, 1], "rotation": 180, "texture": "#0"}
			}
		},
		{
			"from": [2.5, 13.444, 13.85],
			"to": [13.5, 13.599, 13.85],
			"rotation": {"angle": -45, "axis": "x", "origin": [8, 13.45, 14.2]},
			"faces": {
				"north": {"uv": [0, 0, 1, 1], "texture": "#0"},
				"south": {"uv": [1, 0, 2, 1], "rotation": 180, "texture": "#0"}
			}
		},
		{
			"from": [2.5, 13.25195, 14.41943],
			"to": [13.5, 13.25195, 14.57443],
			"rotation": {"angle": -45, "axis": "x", "origin": [8, 13.25195, 14.49693]},
			"faces": {
				"up": {"uv": [1, 0, 2, 1], "rotation": 180, "texture": "#0"},
				"down": {"uv": [0, 0, 1, 1], "rotation": 180, "texture": "#0"}
			}
		},
		{
			"from": [2.5, 13.3, 14.55],
			"to": [13.5, 13.8, 14.55],
			"rotation": {"angle": 0, "axis": "x", "origin": [8, 13.55, 14.2]},
			"faces": {
				"north": {"uv": [1, 0, 2, 1], "rotation": 180, "texture": "#0"},
				"south": {"uv": [0, 0, 1, 1], "rotation": 180, "texture": "#0"}
			}
		},
		{
			"from": [2.5, 13.2, 13.95],
			"to": [13.5, 13.2, 14.45],
			"rotation": {"angle": 0, "axis": "x", "origin": [8, 13.55, 14.2]},
			"faces": {
				"up": {"uv": [1, 0, 2, 1], "rotation": 180, "texture": "#0"},
				"down": {"uv": [0, 0, 1, 1], "rotation": 180, "texture": "#0"}
			}
		},
		{
			"from": [2.5, 13.3, 13.85],
			"to": [13.5, 13.8, 13.85],
			"rotation": {"angle": 0, "axis": "x", "origin": [8, 13.55, 14.2]},
			"faces": {
				"north": {"uv": [0, 0, 1, 1], "texture": "#0"},
				"south": {"uv": [1, 0, 2, 1], "rotation": 180, "texture": "#0"}
			}
		},
		{
			"from": [2.5, 19.225, 13.95],
			"to": [13.5, 19.225, 14.45],
			"rotation": {"angle": 0, "axis": "x", "origin": [8, 18.875, 14.2]},
			"faces": {
				"up": {"uv": [0, 1, 16, 2], "rotation": 180, "texture": "#0"},
				"down": {"uv": [1, 0, 2, 1], "rotation": 180, "texture": "#0"}
			}
		},
		{
			"from": [2.5, 18.869, 13.75],
			"to": [13.5, 19.024, 13.75],
			"rotation": {"angle": 45, "axis": "x", "origin": [8, 18.875, 14.1]},
			"faces": {
				"north": {"uv": [0, 0, 1, 1], "texture": "#0"},
				"south": {"uv": [1, 0, 2, 1], "rotation": 180, "texture": "#0"}
			}
		},
		{
			"from": [2.5, 19.325, 14.194],
			"to": [13.5, 19.325, 14.349],
			"rotation": {"angle": 45, "axis": "x", "origin": [8, 18.975, 14.2]},
			"faces": {
				"up": {"uv": [0, 0, 1, 1], "rotation": 180, "texture": "#0"},
				"down": {"uv": [1, 0, 2, 1], "rotation": 180, "texture": "#0"}
			}
		},
		{
			"from": [2.5, 18.769, 13.85],
			"to": [13.5, 18.924, 13.85],
			"rotation": {"angle": -45, "axis": "x", "origin": [8, 18.775, 14.2]},
			"faces": {
				"north": {"uv": [0, 0, 1, 1], "texture": "#0"},
				"south": {"uv": [1, 0, 2, 1], "rotation": 180, "texture": "#0"}
			}
		},
		{
			"from": [2.5, 18.525, 14.151],
			"to": [13.5, 18.525, 14.306],
			"rotation": {"angle": -45, "axis": "x", "origin": [8, 18.875, 14.3]},
			"faces": {
				"up": {"uv": [1, 0, 2, 1], "rotation": 180, "texture": "#0"},
				"down": {"uv": [0, 0, 1, 1], "rotation": 180, "texture": "#0"}
			}
		},
		{
			"from": [2.5, 18.625, 14.55],
			"to": [13.5, 19.125, 14.55],
			"rotation": {"angle": 0, "axis": "x", "origin": [8, 18.875, 14.2]},
			"faces": {
				"north": {"uv": [1, 0, 2, 1], "rotation": 180, "texture": "#0"},
				"south": {"uv": [0, 0, 1, 1], "rotation": 180, "texture": "#0"}
			}
		},
		{
			"from": [2.5, 18.525, 13.95],
			"to": [13.5, 18.525, 14.45],
			"rotation": {"angle": 0, "axis": "x", "origin": [8, 18.875, 14.2]},
			"faces": {
				"up": {"uv": [1, 0, 2, 1], "rotation": 180, "texture": "#0"},
				"down": {"uv": [0, 0, 1, 1], "rotation": 180, "texture": "#0"}
			}
		},
		{
			"from": [2.5, 18.625, 13.85],
			"to": [13.5, 19.125, 13.85],
			"rotation": {"angle": 0, "axis": "x", "origin": [8, 18.875, 14.2]},
			"faces": {
				"north": {"uv": [0, 0, 1, 1], "texture": "#0"},
				"south": {"uv": [1, 0, 2, 1], "rotation": 180, "texture": "#0"}
			}
		},
		{
			"from": [2.5, 24.55, 13.95],
			"to": [13.5, 24.55, 14.45],
			"rotation": {"angle": 0, "axis": "x", "origin": [8, 24.2, 14.2]},
			"faces": {
				"up": {"uv": [0, 1, 16, 2], "rotation": 180, "texture": "#0"},
				"down": {"uv": [1, 0, 2, 1], "rotation": 180, "texture": "#0"}
			}
		},
		{
			"from": [2.5, 24.194, 13.75],
			"to": [13.5, 24.349, 13.75],
			"rotation": {"angle": 45, "axis": "x", "origin": [8, 24.2, 14.1]},
			"faces": {
				"north": {"uv": [0, 0, 1, 1], "texture": "#0"},
				"south": {"uv": [1, 0, 2, 1], "rotation": 180, "texture": "#0"}
			}
		},
		{
			"from": [2.5, 24.65, 14.194],
			"to": [13.5, 24.65, 14.349],
			"rotation": {"angle": 45, "axis": "x", "origin": [8, 24.3, 14.2]},
			"faces": {
				"up": {"uv": [0, 0, 1, 1], "rotation": 180, "texture": "#0"},
				"down": {"uv": [1, 0, 2, 1], "rotation": 180, "texture": "#0"}
			}
		},
		{
			"from": [2.5, 24.094, 13.85],
			"to": [13.5, 24.249, 13.85],
			"rotation": {"angle": -45, "axis": "x", "origin": [8, 24.1, 14.2]},
			"faces": {
				"north": {"uv": [0, 0, 1, 1], "texture": "#0"},
				"south": {"uv": [1, 0, 2, 1], "rotation": 180, "texture": "#0"}
			}
		},
		{
			"from": [2.5, 23.85, 14.151],
			"to": [13.5, 23.85, 14.306],
			"rotation": {"angle": -45, "axis": "x", "origin": [8, 24.2, 14.3]},
			"faces": {
				"up": {"uv": [1, 0, 2, 1], "rotation": 180, "texture": "#0"},
				"down": {"uv": [0, 0, 1, 1], "rotation": 180, "texture": "#0"}
			}
		},
		{
			"from": [2.5, 23.95, 14.55],
			"to": [13.5, 24.45, 14.55],
			"rotation": {"angle": 0, "axis": "x", "origin": [8, 24.2, 14.2]},
			"faces": {
				"north": {"uv": [1, 0, 2, 1], "rotation": 180, "texture": "#0"},
				"south": {"uv": [0, 0, 1, 1], "rotation": 180, "texture": "#0"}
			}
		},
		{
			"from": [2.5, 23.85, 13.95],
			"to": [13.5, 23.85, 14.45],
			"rotation": {"angle": 0, "axis": "x", "origin": [8, 24.2, 14.2]},
			"faces": {
				"up": {"uv": [1, 0, 2, 1], "rotation": 180, "texture": "#0"},
				"down": {"uv": [0, 0, 1, 1], "rotation": 180, "texture": "#0"}
			}
		},
		{
			"from": [2.5, 23.95, 13.85],
			"to": [13.5, 24.45, 13.85],
			"rotation": {"angle": 0, "axis": "x", "origin": [8, 24.2, 14.2]},
			"faces": {
				"north": {"uv": [0, 0, 1, 1], "texture": "#0"},
				"south": {"uv": [1, 0, 2, 1], "rotation": 180, "texture": "#0"}
			}
		},
		{
			"from": [13.74912, -0.1, 21.05508],
			"to": [14.22912, 31.9, 21.05508],
			"rotation": {"angle": -22.5, "axis": "y", "origin": [28.1, 18.9, 28.1]},
			"faces": {
				"north": {"uv": [13, 4, 14, 5], "texture": "#1"}
			}
		},
		{
			"from": [29.3, -0.1, 12.58649],
			"to": [29.3, 31.9, 13.06649],
			"rotation": {"angle": 45, "axis": "y", "origin": [28.1, 18.9, 28.1]},
			"faces": {
				"east": {"uv": [13, 4, 14, 5], "texture": "#1"}
			}
		},
		{
			"from": [18.5, -0.1, 17.06],
			"to": [18.5, 31.9, 17.54],
			"rotation": {"angle": 0, "axis": "y", "origin": [28.1, 18.9, 28.1]},
			"faces": {
				"east": {"uv": [13, 4, 14, 5], "texture": "#1"}
			}
		},
		{
			"from": [27.86, -0.1, 14.02649],
			"to": [28.34, 31.9, 14.02649],
			"rotation": {"angle": 45, "axis": "y", "origin": [28.1, 18.9, 28.1]},
			"faces": {
				"south": {"uv": [13, 4, 14, 5], "texture": "#1"}
			}
		},
		{
			"from": [17.06, -0.1, 18.5],
			"to": [17.54, 31.9, 18.5],
			"rotation": {"angle": 0, "axis": "y", "origin": [28.1, 18.9, 28.1]},
			"faces": {
				"south": {"uv": [13, 4, 14, 5], "texture": "#1"}
			}
		},
		{
			"from": [26.9, -0.1, 12.58649],
			"to": [26.9, 31.9, 13.06649],
			"rotation": {"angle": 45, "axis": "y", "origin": [28.1, 18.9, 28.1]},
			"faces": {
				"west": {"uv": [13, 4, 14, 5], "texture": "#1"}
			}
		},
		{
			"from": [23.45508, -0.1, 13.74912],
			"to": [23.45508, 31.9, 14.22912],
			"rotation": {"angle": 22.5, "axis": "y", "origin": [28.1, 18.9, 28.1]},
			"faces": {
				"east": {"uv": [13, 4, 14, 5], "texture": "#1"}
			}
		},
		{
			"from": [15.18912, -0.1, 22.01508],
			"to": [15.18912, 31.9, 22.49508],
			"rotation": {"angle": -22.5, "axis": "y", "origin": [28.1, 18.9, 28.1]},
			"faces": {
				"east": {"uv": [13, 4, 14, 5], "texture": "#1"}
			}
		},
		{
			"from": [22.01508, -0.1, 15.18912],
			"to": [22.49508, 31.9, 15.18912],
			"rotation": {"angle": 22.5, "axis": "y", "origin": [28.1, 18.9, 28.1]},
			"faces": {
				"south": {"uv": [13, 4, 14, 5], "texture": "#1"}
			}
		},
		{
			"from": [13.74912, -0.1, 23.45508],
			"to": [14.22912, 31.9, 23.45508],
			"rotation": {"angle": -22.5, "axis": "y", "origin": [28.1, 18.9, 28.1]},
			"faces": {
				"south": {"uv": [13, 4, 14, 5], "texture": "#1"}
			}
		},
		{
			"from": [21.05508, -0.1, 13.74912],
			"to": [21.05508, 31.9, 14.22912],
			"rotation": {"angle": 22.5, "axis": "y", "origin": [28.1, 18.9, 28.1]},
			"faces": {
				"west": {"uv": [13, 4, 14, 5], "texture": "#1"}
			}
		},
		{
			"from": [16.1, -0.1, 17.06],
			"to": [16.1, 31.9, 17.54],
			"rotation": {"angle": 0, "axis": "y", "origin": [28.1, 18.9, 28.1]},
			"faces": {
				"west": {"uv": [13, 4, 14, 5], "texture": "#1"}
			}
		},
		{
			"from": [12.78912, -0.1, 22.01508],
			"to": [12.78912, 31.9, 22.49508],
			"rotation": {"angle": -22.5, "axis": "y", "origin": [28.1, 18.9, 28.1]},
			"faces": {
				"west": {"uv": [13, 4, 14, 5], "texture": "#1"}
			}
		},
		{
			"from": [27.86, -0.1, 11.62649],
			"to": [28.34, 31.9, 11.62649],
			"rotation": {"angle": 45, "axis": "y", "origin": [28.1, 18.9, 28.1]},
			"faces": {
				"north": {"uv": [13, 4, 14, 5], "texture": "#1"}
			}
		},
		{
			"from": [22.01508, -0.1, 12.78912],
			"to": [22.49508, 31.9, 12.78912],
			"rotation": {"angle": 22.5, "axis": "y", "origin": [28.1, 18.9, 28.1]},
			"faces": {
				"north": {"uv": [13, 4, 14, 5], "texture": "#1"}
			}
		},
		{
			"from": [17.06, -0.1, 16.1],
			"to": [17.54, 31.9, 16.1],
			"rotation": {"angle": 0, "axis": "y", "origin": [28.1, 18.9, 28.1]},
			"faces": {
				"north": {"uv": [13, 4, 14, 5], "texture": "#1"}
			}
		},
		{
			"from": [-4.85088, -0.1, 21.05508],
			"to": [-4.37088, 31.9, 21.05508],
			"rotation": {"angle": -22.5, "axis": "y", "origin": [9.5, 18.9, 28.1]},
			"faces": {
				"north": {"uv": [13, 4, 14, 5], "texture": "#1"}
			}
		},
		{
			"from": [10.7, -0.1, 12.58649],
			"to": [10.7, 31.9, 13.06649],
			"rotation": {"angle": 45, "axis": "y", "origin": [9.5, 18.9, 28.1]},
			"faces": {
				"east": {"uv": [13, 4, 14, 5], "texture": "#1"}
			}
		},
		{
			"from": [-0.1, -0.1, 17.06],
			"to": [-0.1, 31.9, 17.54],
			"rotation": {"angle": 0, "axis": "y", "origin": [9.5, 18.9, 28.1]},
			"faces": {
				"east": {"uv": [13, 4, 14, 5], "texture": "#1"}
			}
		},
		{
			"from": [9.26, -0.1, 14.02649],
			"to": [9.74, 31.9, 14.02649],
			"rotation": {"angle": 45, "axis": "y", "origin": [9.5, 18.9, 28.1]},
			"faces": {
				"south": {"uv": [13, 4, 14, 5], "texture": "#1"}
			}
		},
		{
			"from": [-1.54, -0.1, 18.5],
			"to": [-1.06, 31.9, 18.5],
			"rotation": {"angle": 0, "axis": "y", "origin": [9.5, 18.9, 28.1]},
			"faces": {
				"south": {"uv": [13, 4, 14, 5], "texture": "#1"}
			}
		},
		{
			"from": [8.3, -0.1, 12.58649],
			"to": [8.3, 31.9, 13.06649],
			"rotation": {"angle": 45, "axis": "y", "origin": [9.5, 18.9, 28.1]},
			"faces": {
				"west": {"uv": [13, 4, 14, 5], "texture": "#1"}
			}
		},
		{
			"from": [4.85508, -0.1, 13.74912],
			"to": [4.85508, 31.9, 14.22912],
			"rotation": {"angle": 22.5, "axis": "y", "origin": [9.5, 18.9, 28.1]},
			"faces": {
				"east": {"uv": [13, 4, 14, 5], "texture": "#1"}
			}
		},
		{
			"from": [-3.41088, -0.1, 22.01508],
			"to": [-3.41088, 31.9, 22.49508],
			"rotation": {"angle": -22.5, "axis": "y", "origin": [9.5, 18.9, 28.1]},
			"faces": {
				"east": {"uv": [13, 4, 14, 5], "texture": "#1"}
			}
		},
		{
			"from": [3.41508, -0.1, 15.18912],
			"to": [3.89508, 31.9, 15.18912],
			"rotation": {"angle": 22.5, "axis": "y", "origin": [9.5, 18.9, 28.1]},
			"faces": {
				"south": {"uv": [13, 4, 14, 5], "texture": "#1"}
			}
		},
		{
			"from": [-4.85088, -0.1, 23.45508],
			"to": [-4.37088, 31.9, 23.45508],
			"rotation": {"angle": -22.5, "axis": "y", "origin": [9.5, 18.9, 28.1]},
			"faces": {
				"south": {"uv": [13, 4, 14, 5], "texture": "#1"}
			}
		},
		{
			"from": [2.45508, -0.1, 13.74912],
			"to": [2.45508, 31.9, 14.22912],
			"rotation": {"angle": 22.5, "axis": "y", "origin": [9.5, 18.9, 28.1]},
			"faces": {
				"west": {"uv": [13, 4, 14, 5], "texture": "#1"}
			}
		},
		{
			"from": [-2.5, -0.1, 17.06],
			"to": [-2.5, 31.9, 17.54],
			"rotation": {"angle": 0, "axis": "y", "origin": [9.5, 18.9, 28.1]},
			"faces": {
				"west": {"uv": [13, 4, 14, 5], "texture": "#1"}
			}
		},
		{
			"from": [-5.81088, -0.1, 22.01508],
			"to": [-5.81088, 31.9, 22.49508],
			"rotation": {"angle": -22.5, "axis": "y", "origin": [9.5, 18.9, 28.1]},
			"faces": {
				"west": {"uv": [13, 4, 14, 5], "texture": "#1"}
			}
		},
		{
			"from": [9.26, -0.1, 11.62649],
			"to": [9.74, 31.9, 11.62649],
			"rotation": {"angle": 45, "axis": "y", "origin": [9.5, 18.9, 28.1]},
			"faces": {
				"north": {"uv": [13, 4, 14, 5], "texture": "#1"}
			}
		},
		{
			"from": [3.41508, -0.1, 12.78912],
			"to": [3.89508, 31.9, 12.78912],
			"rotation": {"angle": 22.5, "axis": "y", "origin": [9.5, 18.9, 28.1]},
			"faces": {
				"north": {"uv": [13, 4, 14, 5], "texture": "#1"}
			}
		},
		{
			"from": [-1.54, -0.1, 16.1],
			"to": [-1.06, 31.9, 16.1],
			"rotation": {"angle": 0, "axis": "y", "origin": [9.5, 18.9, 28.1]},
			"faces": {
				"north": {"uv": [13, 4, 14, 5], "texture": "#1"}
			}
		},
		{
			"from": [-4.85088, -0.1, 2.45508],
			"to": [-4.37088, 31.9, 2.45508],
			"rotation": {"angle": -22.5, "axis": "y", "origin": [9.5, 18.9, 9.5]},
			"faces": {
				"north": {"uv": [13, 4, 14, 5], "texture": "#1"}
			}
		},
		{
			"from": [10.7, -0.1, -6.01351],
			"to": [10.7, 31.9, -5.53351],
			"rotation": {"angle": 45, "axis": "y", "origin": [9.5, 18.9, 9.5]},
			"faces": {
				"east": {"uv": [13, 4, 14, 5], "texture": "#1"}
			}
		},
		{
			"from": [-0.1, -0.1, -1.54],
			"to": [-0.1, 31.9, -1.06],
			"rotation": {"angle": 0, "axis": "y", "origin": [9.5, 18.9, 9.5]},
			"faces": {
				"east": {"uv": [13, 4, 14, 5], "texture": "#1"}
			}
		},
		{
			"from": [9.26, -0.1, -4.57351],
			"to": [9.74, 31.9, -4.57351],
			"rotation": {"angle": 45, "axis": "y", "origin": [9.5, 18.9, 9.5]},
			"faces": {
				"south": {"uv": [13, 4, 14, 5], "texture": "#1"}
			}
		},
		{
			"from": [-1.54, -0.1, -0.1],
			"to": [-1.06, 31.9, -0.1],
			"rotation": {"angle": 0, "axis": "y", "origin": [9.5, 18.9, 9.5]},
			"faces": {
				"south": {"uv": [13, 4, 14, 5], "texture": "#1"}
			}
		},
		{
			"from": [8.3, -0.1, -6.01351],
			"to": [8.3, 31.9, -5.53351],
			"rotation": {"angle": 45, "axis": "y", "origin": [9.5, 18.9, 9.5]},
			"faces": {
				"west": {"uv": [13, 4, 14, 5], "texture": "#1"}
			}
		},
		{
			"from": [4.85508, -0.1, -4.85088],
			"to": [4.85508, 31.9, -4.37088],
			"rotation": {"angle": 22.5, "axis": "y", "origin": [9.5, 18.9, 9.5]},
			"faces": {
				"east": {"uv": [13, 4, 14, 5], "texture": "#1"}
			}
		},
		{
			"from": [-3.41088, -0.1, 3.41508],
			"to": [-3.41088, 31.9, 3.89508],
			"rotation": {"angle": -22.5, "axis": "y", "origin": [9.5, 18.9, 9.5]},
			"faces": {
				"east": {"uv": [13, 4, 14, 5], "texture": "#1"}
			}
		},
		{
			"from": [3.41508, -0.1, -3.41088],
			"to": [3.89508, 31.9, -3.41088],
			"rotation": {"angle": 22.5, "axis": "y", "origin": [9.5, 18.9, 9.5]},
			"faces": {
				"south": {"uv": [13, 4, 14, 5], "texture": "#1"}
			}
		},
		{
			"from": [-4.85088, -0.1, 4.85508],
			"to": [-4.37088, 31.9, 4.85508],
			"rotation": {"angle": -22.5, "axis": "y", "origin": [9.5, 18.9, 9.5]},
			"faces": {
				"south": {"uv": [13, 4, 14, 5], "texture": "#1"}
			}
		},
		{
			"from": [2.45508, -0.1, -4.85088],
			"to": [2.45508, 31.9, -4.37088],
			"rotation": {"angle": 22.5, "axis": "y", "origin": [9.5, 18.9, 9.5]},
			"faces": {
				"west": {"uv": [13, 4, 14, 5], "texture": "#1"}
			}
		},
		{
			"from": [-2.5, -0.1, -1.54],
			"to": [-2.5, 31.9, -1.06],
			"rotation": {"angle": 0, "axis": "y", "origin": [9.5, 18.9, 9.5]},
			"faces": {
				"west": {"uv": [13, 4, 14, 5], "texture": "#1"}
			}
		},
		{
			"from": [-5.81088, -0.1, 3.41508],
			"to": [-5.81088, 31.9, 3.89508],
			"rotation": {"angle": -22.5, "axis": "y", "origin": [9.5, 18.9, 9.5]},
			"faces": {
				"west": {"uv": [13, 4, 14, 5], "texture": "#1"}
			}
		},
		{
			"from": [9.26, -0.1, -6.97351],
			"to": [9.74, 31.9, -6.97351],
			"rotation": {"angle": 45, "axis": "y", "origin": [9.5, 18.9, 9.5]},
			"faces": {
				"north": {"uv": [13, 4, 14, 5], "texture": "#1"}
			}
		},
		{
			"from": [3.41508, -0.1, -5.81088],
			"to": [3.89508, 31.9, -5.81088],
			"rotation": {"angle": 22.5, "axis": "y", "origin": [9.5, 18.9, 9.5]},
			"faces": {
				"north": {"uv": [13, 4, 14, 5], "texture": "#1"}
			}
		},
		{
			"from": [-1.54, -0.1, -2.5],
			"to": [-1.06, 31.9, -2.5],
			"rotation": {"angle": 0, "axis": "y", "origin": [9.5, 18.9, 9.5]},
			"faces": {
				"north": {"uv": [13, 4, 14, 5], "texture": "#1"}
			}
		},
		{
			"from": [13.74912, -0.1, 2.45508],
			"to": [14.22912, 31.9, 2.45508],
			"rotation": {"angle": -22.5, "axis": "y", "origin": [28.1, 18.9, 9.5]},
			"faces": {
				"north": {"uv": [13, 4, 14, 5], "texture": "#1"}
			}
		},
		{
			"from": [29.3, -0.1, -6.01351],
			"to": [29.3, 31.9, -5.53351],
			"rotation": {"angle": 45, "axis": "y", "origin": [28.1, 18.9, 9.5]},
			"faces": {
				"east": {"uv": [13, 4, 14, 5], "texture": "#1"}
			}
		},
		{
			"from": [18.5, -0.1, -1.54],
			"to": [18.5, 31.9, -1.06],
			"rotation": {"angle": 0, "axis": "y", "origin": [28.1, 18.9, 9.5]},
			"faces": {
				"east": {"uv": [13, 4, 14, 5], "texture": "#1"}
			}
		},
		{
			"from": [27.86, -0.1, -4.57351],
			"to": [28.34, 31.9, -4.57351],
			"rotation": {"angle": 45, "axis": "y", "origin": [28.1, 18.9, 9.5]},
			"faces": {
				"south": {"uv": [13, 4, 14, 5], "texture": "#1"}
			}
		},
		{
			"from": [17.06, -0.1, -0.1],
			"to": [17.54, 31.9, -0.1],
			"rotation": {"angle": 0, "axis": "y", "origin": [28.1, 18.9, 9.5]},
			"faces": {
				"south": {"uv": [13, 4, 14, 5], "texture": "#1"}
			}
		},
		{
			"from": [26.9, -0.1, -6.01351],
			"to": [26.9, 31.9, -5.53351],
			"rotation": {"angle": 45, "axis": "y", "origin": [28.1, 18.9, 9.5]},
			"faces": {
				"west": {"uv": [13, 4, 14, 5], "texture": "#1"}
			}
		},
		{
			"from": [23.45508, -0.1, -4.85088],
			"to": [23.45508, 31.9, -4.37088],
			"rotation": {"angle": 22.5, "axis": "y", "origin": [28.1, 18.9, 9.5]},
			"faces": {
				"east": {"uv": [13, 4, 14, 5], "texture": "#1"}
			}
		},
		{
			"from": [15.18912, -0.1, 3.41508],
			"to": [15.18912, 31.9, 3.89508],
			"rotation": {"angle": -22.5, "axis": "y", "origin": [28.1, 18.9, 9.5]},
			"faces": {
				"east": {"uv": [13, 4, 14, 5], "texture": "#1"}
			}
		},
		{
			"from": [22.01508, -0.1, -3.41088],
			"to": [22.49508, 31.9, -3.41088],
			"rotation": {"angle": 22.5, "axis": "y", "origin": [28.1, 18.9, 9.5]},
			"faces": {
				"south": {"uv": [13, 4, 14, 5], "texture": "#1"}
			}
		},
		{
			"from": [13.74912, -0.1, 4.85508],
			"to": [14.22912, 31.9, 4.85508],
			"rotation": {"angle": -22.5, "axis": "y", "origin": [28.1, 18.9, 9.5]},
			"faces": {
				"south": {"uv": [13, 4, 14, 5], "texture": "#1"}
			}
		},
		{
			"from": [21.05508, -0.1, -4.85088],
			"to": [21.05508, 31.9, -4.37088],
			"rotation": {"angle": 22.5, "axis": "y", "origin": [28.1, 18.9, 9.5]},
			"faces": {
				"west": {"uv": [13, 4, 14, 5], "texture": "#1"}
			}
		},
		{
			"from": [16.1, -0.1, -1.54],
			"to": [16.1, 31.9, -1.06],
			"rotation": {"angle": 0, "axis": "y", "origin": [28.1, 18.9, 9.5]},
			"faces": {
				"west": {"uv": [13, 4, 14, 5], "texture": "#1"}
			}
		},
		{
			"from": [12.78912, -0.1, 3.41508],
			"to": [12.78912, 31.9, 3.89508],
			"rotation": {"angle": -22.5, "axis": "y", "origin": [28.1, 18.9, 9.5]},
			"faces": {
				"west": {"uv": [13, 4, 14, 5], "texture": "#1"}
			}
		},
		{
			"from": [27.86, -0.1, -6.97351],
			"to": [28.34, 31.9, -6.97351],
			"rotation": {"angle": 45, "axis": "y", "origin": [28.1, 18.9, 9.5]},
			"faces": {
				"north": {"uv": [13, 4, 14, 5], "texture": "#1"}
			}
		},
		{
			"from": [22.01508, -0.1, -5.81088],
			"to": [22.49508, 31.9, -5.81088],
			"rotation": {"angle": 22.5, "axis": "y", "origin": [28.1, 18.9, 9.5]},
			"faces": {
				"north": {"uv": [13, 4, 14, 5], "texture": "#1"}
			}
		},
		{
			"from": [17.06, -0.1, -2.5],
			"to": [17.54, 31.9, -2.5],
			"rotation": {"angle": 0, "axis": "y", "origin": [28.1, 18.9, 9.5]},
			"faces": {
				"north": {"uv": [13, 4, 14, 5], "texture": "#1"}
			}
		}
	],
	"groups": [0, 1, 2, 3, 4, 5, 6, 7,
		{
			"name": "ladder",
			"origin": [8, 8, 8],
			"children": [8, 9, 10, 11, 12, 13, 14, 15, 16, 17, 18, 19, 20, 21, 22, 23, 24, 25, 26, 27, 28, 29,
				{
					"name": "group",
					"origin": [8, 4.55, 14.2],
					"children": [30, 31, 32, 33, 34, 35, 36, 37]
				},
				{
					"name": "group",
					"origin": [8, 4.55, 14.2],
					"children": [38, 39, 40, 41, 42, 43, 44, 45]
				},
				{
					"name": "group",
					"origin": [8, 4.55, 14.2],
					"children": [46, 47, 48, 49, 50, 51, 52, 53]
				}
			]
		},
		{
			"name": "round",
			"origin": [27.8, 19, 28],
			"children": [54, 55, 56, 57, 58, 59, 60, 61, 62, 63, 64, 65, 66, 67, 68, 69]
		},
		{
			"name": "round",
			"origin": [27.8, 19, 28],
			"children": [70, 71, 72, 73, 74, 75, 76, 77, 78, 79, 80, 81, 82, 83, 84, 85]
		},
		{
			"name": "round",
			"origin": [27.8, 19, 28],
			"children": [86, 87, 88, 89, 90, 91, 92, 93, 94, 95, 96, 97, 98, 99, 100, 101]
		},
		{
			"name": "round",
			"origin": [27.8, 19, 28],
			"children": [102, 103, 104, 105, 106, 107, 108, 109, 110, 111, 112, 113, 114, 115, 116, 117]
		}
	]
}