{
	"credit": "by umsoea, made with Blockbench",
	"textures": {
		"1": "block/umsoea_models/scaffolding",
		"particle": "block/umsoea_models/scaffolding"
	},
	"elements": [
		{
			"from": [0.15, 16.15, 0.275],
			"to": [15.85, 16.15, 3.875],
			"rotation": {"angle": 0, "axis": "y", "origin": [8, 6.25, 8]},
			"faces": {
				"up": {"uv": [0, 9.5, 16, 12.9], "texture": "#1", "cullface": "up"},
				"down": {"uv": [0, 12.9, 16, 9.5], "texture": "#1"}
			}
		},
		{
			"from": [0.4, 15.95, 0.275],
			"to": [15.575, 16.15, 3.825],
			"rotation": {"angle": 0, "axis": "y", "origin": [8, 6.25, 8]},
			"faces": {
				"north": {"uv": [1.086, 9.844, 1.172, 9.939], "texture": "#1"},
				"south": {"uv": [1.086, 9.844, 1.172, 9.939], "texture": "#1"}
			}
		},
		{
			"from": [0.4, 15.95, 4.275],
			"to": [15.575, 16.15, 7.825],
			"rotation": {"angle": 0, "axis": "y", "origin": [8, 6.25, 8]},
			"faces": {
				"north": {"uv": [1.086, 9.844, 1.172, 9.939], "texture": "#1"},
				"south": {"uv": [1.086, 9.844, 1.172, 9.939], "texture": "#1"}
			}
		},
		{
			"from": [0.4, 15.95, 8.175],
			"to": [15.575, 16.15, 11.725],
			"rotation": {"angle": 0, "axis": "y", "origin": [8, 6.25, 8]},
			"faces": {
				"north": {"uv": [1.086, 9.844, 1.172, 9.939], "texture": "#1"},
				"south": {"uv": [1.086, 9.844, 1.172, 9.939], "texture": "#1"}
			}
		},
		{
			"from": [0.4, 15.95, 12.175],
			"to": [15.575, 16.15, 15.725],
			"rotation": {"angle": 0, "axis": "y", "origin": [8, 6.25, 8]},
			"faces": {
				"north": {"uv": [1.086, 9.844, 1.172, 9.939], "texture": "#1"},
				"south": {"uv": [1.086, 9.844, 1.172, 9.939], "texture": "#1"}
			}
		},
		{
			"from": [0.15, 16.15, 4.225],
			"to": [15.85, 16.15, 7.825],
			"rotation": {"angle": 0, "axis": "y", "origin": [8, 6.25, 8]},
			"faces": {
				"up": {"uv": [0, 6, 16, 9.4], "texture": "#1", "cullface": "up"},
				"down": {"uv": [0, 9.4, 16, 6], "texture": "#1"}
			}
		},
		{
			"from": [0.15, 16.15, 8.175],
			"to": [15.85, 16.15, 11.775],
			"rotation": {"angle": 0, "axis": "y", "origin": [8, 6.25, 8]},
			"faces": {
				"up": {"uv": [0, 9.5, 16, 12.9], "texture": "#1", "cullface": "up"},
				"down": {"uv": [0, 12.9, 16, 9.5], "texture": "#1"}
			}
		},
		{
			"from": [0.15, 16.15, 12.125],
			"to": [15.85, 16.15, 15.725],
			"rotation": {"angle": 0, "axis": "y", "origin": [8, 6.25, 8]},
			"faces": {
				"up": {"uv": [0, 6, 16, 9.4], "texture": "#1", "cullface": "up"},
				"down": {"uv": [0, 9.4, 16, 6], "texture": "#1"}
			}
		},
		{
			"from": [15.425, 13.4, 16.925],
			"to": [16.625, 14.2, 17.5],
			"rotation": {"angle": 0, "axis": "y", "origin": [8, 18.125, 8]},
			"faces": {
				"north": {"uv": [15, 4, 16, 5], "rotation": 90, "texture": "#1", "cullface": "down"},
				"east": {"uv": [14, 4, 15, 5], "texture": "#1", "cullface": "down"},
				"south": {"uv": [15, 4, 16, 5], "rotation": 90, "texture": "#1", "cullface": "down"},
				"west": {"uv": [14, 4, 15, 5], "texture": "#1", "cullface": "down"},
				"down": {"uv": [14, 4, 15, 5], "rotation": 270, "texture": "#1", "cullface": "down"}
			}
		},
		{
			"from": [15.025, 13.575, 17.125],
			"to": [16.825, 13.775, 17.325],
			"rotation": {"angle": 0, "axis": "y", "origin": [8, 18.225, 8]},
			"faces": {
				"north": {"uv": [15, 4, 16, 5], "rotation": 90, "texture": "#1", "cullface": "down"},
				"east": {"uv": [15, 4, 16, 5], "rotation": 90, "texture": "#1", "cullface": "down"},
				"south": {"uv": [15, 4, 16, 5], "rotation": 90, "texture": "#1", "cullface": "down"},
				"west": {"uv": [15, 4, 16, 5], "rotation": 90, "texture": "#1", "cullface": "down"},
				"up": {"uv": [15, 4, 16, 5], "rotation": 90, "texture": "#1", "cullface": "down"},
				"down": {"uv": [15, 4, 16, 5], "rotation": 90, "texture": "#1", "cullface": "down"}
			}
		},
		{
			"from": [-0.575, 13.4, 16.925],
			"to": [0.625, 14.2, 17.5],
			"rotation": {"angle": 0, "axis": "y", "origin": [8, 18.125, 8]},
			"faces": {
				"north": {"uv": [15, 4, 16, 5], "rotation": 90, "texture": "#1", "cullface": "down"},
				"east": {"uv": [14, 4, 15, 5], "texture": "#1", "cullface": "down"},
				"south": {"uv": [15, 4, 16, 5], "rotation": 90, "texture": "#1", "cullface": "down"},
				"west": {"uv": [14, 4, 15, 5], "texture": "#1", "cullface": "down"},
				"down": {"uv": [14, 4, 15, 5], "rotation": 270, "texture": "#1", "cullface": "down"}
			}
		},
		{
			"from": [-0.975, 13.575, 17.125],
			"to": [0.825, 13.775, 17.325],
			"rotation": {"angle": 0, "axis": "y", "origin": [8, 18.225, 8]},
			"faces": {
				"north": {"uv": [15, 4, 16, 5], "rotation": 90, "texture": "#1", "cullface": "down"},
				"east": {"uv": [15, 4, 16, 5], "rotation": 90, "texture": "#1", "cullface": "down"},
				"south": {"uv": [15, 4, 16, 5], "rotation": 90, "texture": "#1", "cullface": "down"},
				"west": {"uv": [15, 4, 16, 5], "rotation": 90, "texture": "#1", "cullface": "down"},
				"up": {"uv": [15, 4, 16, 5], "rotation": 90, "texture": "#1", "cullface": "down"},
				"down": {"uv": [15, 4, 16, 5], "rotation": 90, "texture": "#1", "cullface": "down"}
			}
		},
		{
			"from": [15.425, 13.4, -1.675],
			"to": [16.625, 14.2, -1.1],
			"rotation": {"angle": 0, "axis": "y", "origin": [8, 18.125, 8]},
			"faces": {
				"north": {"uv": [15, 4, 16, 5], "rotation": 90, "texture": "#1", "cullface": "down"},
				"east": {"uv": [14, 4, 15, 5], "texture": "#1", "cullface": "down"},
				"south": {"uv": [15, 4, 16, 5], "rotation": 90, "texture": "#1", "cullface": "down"},
				"west": {"uv": [14, 4, 15, 5], "texture": "#1", "cullface": "down"},
				"down": {"uv": [14, 4, 15, 5], "rotation": 270, "texture": "#1", "cullface": "down"}
			}
		},
		{
			"from": [15.025, 13.575, -1.475],
			"to": [16.825, 13.775, -1.275],
			"rotation": {"angle": 0, "axis": "y", "origin": [8, 18.225, 8]},
			"faces": {
				"north": {"uv": [15, 4, 16, 5], "rotation": 90, "texture": "#1", "cullface": "down"},
				"east": {"uv": [15, 4, 16, 5], "rotation": 90, "texture": "#1", "cullface": "down"},
				"south": {"uv": [15, 4, 16, 5], "rotation": 90, "texture": "#1", "cullface": "down"},
				"west": {"uv": [15, 4, 16, 5], "rotation": 90, "texture": "#1", "cullface": "down"},
				"up": {"uv": [15, 4, 16, 5], "rotation": 270, "texture": "#1", "cullface": "down"},
				"down": {"uv": [15, 4, 16, 5], "rotation": 270, "texture": "#1", "cullface": "down"}
			}
		},
		{
			"from": [-0.575, 13.4, -1.675],
			"to": [0.625, 14.2, -1.1],
			"rotation": {"angle": 0, "axis": "y", "origin": [8, 18.125, 8]},
			"faces": {
				"north": {"uv": [15, 4, 16, 5], "rotation": 90, "texture": "#1", "cullface": "down"},
				"east": {"uv": [14, 4, 15, 5], "texture": "#1", "cullface": "down"},
				"south": {"uv": [15, 4, 16, 5], "rotation": 90, "texture": "#1", "cullface": "down"},
				"west": {"uv": [14, 4, 15, 5], "texture": "#1", "cullface": "down"},
				"down": {"uv": [14, 4, 15, 5], "rotation": 270, "texture": "#1", "cullface": "down"}
			}
		},
		{
			"from": [-0.975, 13.575, -1.475],
			"to": [0.825, 13.775, -1.275],
			"rotation": {"angle": 0, "axis": "y", "origin": [8, 18.225, 8]},
			"faces": {
				"north": {"uv": [15, 4, 16, 5], "rotation": 90, "texture": "#1", "cullface": "down"},
				"east": {"uv": [15, 4, 16, 5], "rotation": 90, "texture": "#1", "cullface": "down"},
				"south": {"uv": [15, 4, 16, 5], "rotation": 90, "texture": "#1", "cullface": "down"},
				"west": {"uv": [15, 4, 16, 5], "rotation": 90, "texture": "#1", "cullface": "down"},
				"up": {"uv": [15, 4, 16, 5], "rotation": 270, "texture": "#1", "cullface": "down"},
				"down": {"uv": [15, 4, 16, 5], "rotation": 270, "texture": "#1", "cullface": "down"}
			}
		},
		{
			"from": [17.125, 14, -0.825],
			"to": [17.325, 14.2, 0.975],
			"rotation": {"angle": 0, "axis": "y", "origin": [9.025, 9.55, -8.5]},
			"faces": {
				"north": {"uv": [15, 4, 16, 5], "rotation": 90, "texture": "#1", "cullface": "down"},
				"east": {"uv": [15, 4, 16, 5], "rotation": 90, "texture": "#1", "cullface": "down"},
				"south": {"uv": [15, 4, 16, 5], "rotation": 90, "texture": "#1", "cullface": "down"},
				"west": {"uv": [15, 4, 16, 5], "rotation": 90, "texture": "#1", "cullface": "down"},
				"up": {"uv": [15, 4, 16, 5], "texture": "#1", "cullface": "down"},
				"down": {"uv": [15, 4, 16, 5], "rotation": 180, "texture": "#1", "cullface": "down"}
			}
		},
		{
			"from": [17.125, 14, 15.175],
			"to": [17.325, 14.2, 16.975],
			"rotation": {"angle": 0, "axis": "y", "origin": [9.025, 9.55, 7.5]},
			"faces": {
				"north": {"uv": [15, 4, 16, 5], "rotation": 90, "texture": "#1", "cullface": "down"},
				"east": {"uv": [15, 4, 16, 5], "rotation": 90, "texture": "#1", "cullface": "down"},
				"south": {"uv": [15, 4, 16, 5], "rotation": 90, "texture": "#1", "cullface": "down"},
				"west": {"uv": [15, 4, 16, 5], "rotation": 90, "texture": "#1", "cullface": "down"},
				"up": {"uv": [15, 4, 16, 5], "texture": "#1", "cullface": "down"},
				"down": {"uv": [15, 4, 16, 5], "rotation": 180, "texture": "#1", "cullface": "down"}
			}
		},
		{
			"from": [16.925, 13.575, -0.625],
			"to": [17.5, 14.375, 0.575],
			"rotation": {"angle": 0, "axis": "y", "origin": [8.925, 9.65, -8.5]},
			"faces": {
				"north": {"uv": [14, 4, 15, 5], "texture": "#1", "cullface": "down"},
				"east": {"uv": [15, 4, 16, 5], "rotation": 90, "texture": "#1", "cullface": "down"},
				"south": {"uv": [14, 4, 15, 5], "texture": "#1", "cullface": "down"},
				"west": {"uv": [15, 4, 16, 5], "rotation": 90, "texture": "#1", "cullface": "down"},
				"up": {"uv": [14, 4, 15, 5], "texture": "#1", "cullface": "down"}
			}
		},
		{
			"from": [16.925, 13.575, 15.375],
			"to": [17.5, 14.375, 16.575],
			"rotation": {"angle": 0, "axis": "y", "origin": [8.925, 9.65, 7.5]},
			"faces": {
				"north": {"uv": [14, 4, 15, 5], "texture": "#1", "cullface": "down"},
				"east": {"uv": [15, 4, 16, 5], "rotation": 90, "texture": "#1", "cullface": "down"},
				"south": {"uv": [14, 4, 15, 5], "texture": "#1", "cullface": "down"},
				"west": {"uv": [15, 4, 16, 5], "rotation": 90, "texture": "#1", "cullface": "down"},
				"up": {"uv": [14, 4, 15, 5], "texture": "#1", "cullface": "down"}
			}
		},
		{
			"from": [-1.475, 14, -0.825],
			"to": [-1.275, 14.2, 0.975],
			"rotation": {"angle": 0, "axis": "y", "origin": [-9.575, 9.55, -8.5]},
			"faces": {
				"north": {"uv": [15, 4, 16, 5], "rotation": 90, "texture": "#1", "cullface": "down"},
				"east": {"uv": [15, 4, 16, 5], "rotation": 90, "texture": "#1", "cullface": "down"},
				"south": {"uv": [15, 4, 16, 5], "rotation": 90, "texture": "#1", "cullface": "down"},
				"west": {"uv": [15, 4, 16, 5], "rotation": 90, "texture": "#1", "cullface": "down"},
				"up": {"uv": [15, 4, 16, 5], "rotation": 180, "texture": "#1", "cullface": "down"},
				"down": {"uv": [15, 4, 16, 5], "texture": "#1", "cullface": "down"}
			}
		},
		{
			"from": [-1.475, 14, 15.175],
			"to": [-1.275, 14.2, 16.975],
			"rotation": {"angle": 0, "axis": "y", "origin": [-9.575, 9.55, 7.5]},
			"faces": {
				"north": {"uv": [15, 4, 16, 5], "rotation": 90, "texture": "#1", "cullface": "down"},
				"east": {"uv": [15, 4, 16, 5], "rotation": 90, "texture": "#1", "cullface": "down"},
				"south": {"uv": [15, 4, 16, 5], "rotation": 90, "texture": "#1", "cullface": "down"},
				"west": {"uv": [15, 4, 16, 5], "rotation": 90, "texture": "#1", "cullface": "down"},
				"up": {"uv": [15, 4, 16, 5], "rotation": 180, "texture": "#1", "cullface": "down"},
				"down": {"uv": [15, 4, 16, 5], "texture": "#1", "cullface": "down"}
			}
		},
		{
			"from": [-1.675, 13.575, -0.625],
			"to": [-1.1, 14.375, 0.575],
			"rotation": {"angle": 0, "axis": "y", "origin": [-9.675, 9.65, -8.5]},
			"faces": {
				"north": {"uv": [14, 4, 15, 5], "texture": "#1", "cullface": "down"},
				"east": {"uv": [15, 4, 16, 5], "rotation": 90, "texture": "#1", "cullface": "down"},
				"south": {"uv": [14, 4, 15, 5], "texture": "#1", "cullface": "down"},
				"west": {"uv": [15, 4, 16, 5], "rotation": 90, "texture": "#1", "cullface": "down"},
				"up": {"uv": [14, 4, 15, 5], "texture": "#1", "cullface": "down"}
			}
		},
		{
			"from": [-1.675, 13.575, 15.375],
			"to": [-1.1, 14.375, 16.575],
			"rotation": {"angle": 0, "axis": "y", "origin": [-9.675, 9.65, 7.5]},
			"faces": {
				"north": {"uv": [14, 4, 15, 5], "texture": "#1", "cullface": "down"},
				"east": {"uv": [15, 4, 16, 5], "rotation": 90, "texture": "#1", "cullface": "down"},
				"south": {"uv": [14, 4, 15, 5], "texture": "#1", "cullface": "down"},
				"west": {"uv": [15, 4, 16, 5], "rotation": 90, "texture": "#1", "cullface": "down"},
				"up": {"uv": [14, 4, 15, 5], "texture": "#1", "cullface": "down"}
			}
		},
		{
			"from": [18, 11.85, -1.025],
			"to": [18, 13.9, 1.025],
			"rotation": {"angle": 0, "axis": "y", "origin": [11, 21.375, 8]},
			"faces": {
				"east": {"uv": [12, 4, 16, 0], "rotation": 270, "texture": "#1", "cullface": "east"}
			}
		},
		{
			"from": [-2, 11.85, -1.025],
			"to": [-2, 13.9, 1.025],
			"rotation": {"angle": 0, "axis": "y", "origin": [5, 21.375, 8]},
			"faces": {
				"west": {"uv": [12, 0, 16, 4], "rotation": 270, "texture": "#1", "cullface": "west"}
			}
		},
		{
			"from": [-2, 10.26056, 2.86177],
			"to": [18, 10.66056, 2.86177],
			"rotation": {"angle": 22.5, "axis": "x", "origin": [8, 21.375, 8]},
			"faces": {
				"north": {"uv": [13, 4, 14, 5], "rotation": 270, "texture": "#1", "cullface": "down"}
			}
		},
		{
			"from": [-2, 20.82145, -2.66726],
			"to": [18, 21.22145, -2.66726],
			"rotation": {"angle": -45, "axis": "x", "origin": [8, 21.375, 8]},
			"faces": {
				"south": {"uv": [13, 4, 14, 5], "rotation": 90, "texture": "#1", "cullface": "down"}
			}
		},
		{
			"from": [-2, 11.875, -0.2],
			"to": [18, 11.875, 0.2],
			"rotation": {"angle": 0, "axis": "z", "origin": [8, 21.375, 8]},
			"faces": {
				"down": {"uv": [13, 4, 14, 5], "rotation": 90, "texture": "#1", "cullface": "down"}
			}
		},
		{
			"from": [-2, 9.50774, 7.35355],
			"to": [18, 9.90774, 7.35355],
			"rotation": {"angle": 45, "axis": "x", "origin": [8, 21.375, 8]},
			"faces": {
				"north": {"uv": [13, 4, 14, 5], "rotation": 270, "texture": "#1", "cullface": "down"}
			}
		},
		{
			"from": [-2, 16.38349, -1.64385],
			"to": [18, 16.78349, -1.64385],
			"rotation": {"angle": -22.5, "axis": "x", "origin": [8, 21.375, 8]},
			"faces": {
				"south": {"uv": [13, 4, 14, 5], "rotation": 90, "texture": "#1", "cullface": "down"}
			}
		},
		{
			"from": [-2, 9.46056, 3.66177],
			"to": [18, 9.46056, 4.06177],
			"rotation": {"angle": 22.5, "axis": "x", "origin": [8, 21.375, 8]},
			"faces": {
				"down": {"uv": [13, 4, 14, 5], "rotation": 90, "texture": "#1", "cullface": "down"}
			}
		},
		{
			"from": [-2, 17.58349, -2.84385],
			"to": [18, 17.58349, -2.44385],
			"rotation": {"angle": -22.5, "axis": "x", "origin": [8, 21.375, 8]},
			"faces": {
				"up": {"uv": [13, 4, 14, 5], "rotation": 90, "texture": "#1", "cullface": "down"}
			}
		},
		{
			"from": [-2, 12.675, 1],
			"to": [18, 13.075, 1],
			"rotation": {"angle": 0, "axis": "z", "origin": [8, 21.375, 8]},
			"faces": {
				"south": {"uv": [13, 4, 14, 5], "rotation": 90, "texture": "#1", "cullface": "down"}
			}
		},
		{
			"from": [-2, 8.70774, 8.15355],
			"to": [18, 8.70774, 8.55355],
			"rotation": {"angle": 45, "axis": "x", "origin": [8, 21.375, 8]},
			"faces": {
				"down": {"uv": [13, 4, 14, 5], "rotation": 90, "texture": "#1", "cullface": "down"}
			}
		},
		{
			"from": [-2, 13.875, -0.2],
			"to": [18, 13.875, 0.2],
			"rotation": {"angle": 0, "axis": "z", "origin": [8, 21.375, 8]},
			"faces": {
				"up": {"uv": [13, 4, 14, 5], "rotation": 90, "texture": "#1", "cullface": "down"}
			}
		},
		{
			"from": [-2, 10.26056, 4.86177],
			"to": [18, 10.66056, 4.86177],
			"rotation": {"angle": 22.5, "axis": "x", "origin": [8, 21.375, 8]},
			"faces": {
				"south": {"uv": [13, 4, 14, 5], "rotation": 90, "texture": "#1", "cullface": "down"}
			}
		},
		{
			"from": [-2, 16.38349, -3.64385],
			"to": [18, 16.78349, -3.64385],
			"rotation": {"angle": -22.5, "axis": "x", "origin": [8, 21.375, 8]},
			"faces": {
				"north": {"uv": [13, 4, 14, 5], "rotation": 270, "texture": "#1", "cullface": "down"}
			}
		},
		{
			"from": [-2, 20.02145, -3.86726],
			"to": [18, 20.02145, -3.46726],
			"rotation": {"angle": -45, "axis": "x", "origin": [8, 21.375, 8]},
			"faces": {
				"down": {"uv": [13, 4, 14, 5], "rotation": 90, "texture": "#1", "cullface": "down"}
			}
		},
		{
			"from": [-2, 15.58349, -2.84385],
			"to": [18, 15.58349, -2.44385],
			"rotation": {"angle": -22.5, "axis": "x", "origin": [8, 21.375, 8]},
			"faces": {
				"down": {"uv": [13, 4, 14, 5], "rotation": 90, "texture": "#1", "cullface": "down"}
			}
		},
		{
			"from": [-2, 11.46056, 3.66177],
			"to": [18, 11.46056, 4.06177],
			"rotation": {"angle": 22.5, "axis": "x", "origin": [8, 21.375, 8]},
			"faces": {
				"up": {"uv": [13, 4, 14, 5], "rotation": 90, "texture": "#1", "cullface": "down"}
			}
		},
		{
			"from": [-2, 12.675, -1],
			"to": [18, 13.075, -1],
			"rotation": {"angle": 0, "axis": "y", "origin": [8, 21.375, 8]},
			"faces": {
				"north": {"uv": [13, 4, 14, 5], "rotation": 270, "texture": "#1", "cullface": "down"}
			}
		},
		{
			"from": [18, 11.85, 14.975],
			"to": [18, 13.9, 17.025],
			"rotation": {"angle": 0, "axis": "y", "origin": [11, 21.375, 8]},
			"faces": {
				"east": {"uv": [12, 4, 16, 0], "rotation": 270, "texture": "#1", "cullface": "east"}
			}
		},
		{
			"from": [-2, 11.85, 14.975],
			"to": [-2, 13.9, 17.025],
			"rotation": {"angle": 0, "axis": "y", "origin": [5, 21.375, 8]},
			"faces": {
				"west": {"uv": [12, 0, 16, 4], "rotation": 270, "texture": "#1", "cullface": "west"}
			}
		},
		{
			"from": [-2, 10.26056, 11.13823],
			"to": [18, 10.66056, 11.13823],
			"rotation": {"angle": -22.5, "axis": "x", "origin": [8, 21.375, 8]},
			"faces": {
				"north": {"uv": [13, 4, 14, 5], "rotation": 90, "texture": "#1", "cullface": "down"}
			}
		},
		{
			"from": [-2, 16.38349, 19.64385],
			"to": [18, 16.78349, 19.64385],
			"rotation": {"angle": 22.5, "axis": "x", "origin": [8, 21.375, 8]},
			"faces": {
				"south": {"uv": [13, 4, 14, 5], "rotation": 270, "texture": "#1", "cullface": "down"}
			}
		},
		{
			"from": [-2, 13.875, 15.8],
			"to": [18, 13.875, 16.2],
			"rotation": {"angle": 0, "axis": "z", "origin": [8, 21.375, 8]},
			"faces": {
				"up": {"uv": [13, 4, 14, 5], "rotation": 270, "texture": "#1", "cullface": "down"}
			}
		},
		{
			"from": [-2, 20.02145, 19.46726],
			"to": [18, 20.02145, 19.86726],
			"rotation": {"angle": 45, "axis": "x", "origin": [8, 21.375, 8]},
			"faces": {
				"down": {"uv": [13, 4, 14, 5], "rotation": 270, "texture": "#1", "cullface": "down"}
			}
		},
		{
			"from": [-2, 12.675, 17],
			"to": [18, 13.075, 17],
			"rotation": {"angle": 0, "axis": "z", "origin": [8, 21.375, 8]},
			"faces": {
				"south": {"uv": [13, 4, 14, 5], "rotation": 270, "texture": "#1", "cullface": "down"}
			}
		},
		{
			"from": [-2, 11.46056, 11.93823],
			"to": [18, 11.46056, 12.33823],
			"rotation": {"angle": -22.5, "axis": "x", "origin": [8, 21.375, 8]},
			"faces": {
				"up": {"uv": [13, 4, 14, 5], "rotation": 270, "texture": "#1", "cullface": "down"}
			}
		},
		{
			"from": [-2, 15.58349, 18.44385],
			"to": [18, 15.58349, 18.84385],
			"rotation": {"angle": 22.5, "axis": "x", "origin": [8, 21.375, 8]},
			"faces": {
				"down": {"uv": [13, 4, 14, 5], "rotation": 270, "texture": "#1", "cullface": "down"}
			}
		},
		{
			"from": [-2, 10.26056, 13.13823],
			"to": [18, 10.66056, 13.13823],
			"rotation": {"angle": -22.5, "axis": "x", "origin": [8, 21.375, 8]},
			"faces": {
				"south": {"uv": [13, 4, 14, 5], "rotation": 270, "texture": "#1", "cullface": "down"}
			}
		},
		{
			"from": [-2, 20.82145, 18.66726],
			"to": [18, 21.22145, 18.66726],
			"rotation": {"angle": 45, "axis": "x", "origin": [8, 21.375, 8]},
			"faces": {
				"north": {"uv": [13, 4, 14, 5], "rotation": 90, "texture": "#1", "cullface": "down"}
			}
		},
		{
			"from": [-2, 11.875, 15.8],
			"to": [18, 11.875, 16.2],
			"rotation": {"angle": 0, "axis": "z", "origin": [8, 21.375, 8]},
			"faces": {
				"down": {"uv": [13, 4, 14, 5], "rotation": 270, "texture": "#1", "cullface": "down"}
			}
		},
		{
			"from": [-2, 9.50774, 8.64645],
			"to": [18, 9.90774, 8.64645],
			"rotation": {"angle": -45, "axis": "x", "origin": [8, 21.375, 8]},
			"faces": {
				"south": {"uv": [13, 4, 14, 5], "rotation": 270, "texture": "#1", "cullface": "down"}
			}
		},
		{
			"from": [-2, 16.38349, 17.64385],
			"to": [18, 16.78349, 17.64385],
			"rotation": {"angle": 22.5, "axis": "x", "origin": [8, 21.375, 8]},
			"faces": {
				"north": {"uv": [13, 4, 14, 5], "rotation": 90, "texture": "#1", "cullface": "down"}
			}
		},
		{
			"from": [-2, 8.70774, 7.44645],
			"to": [18, 8.70774, 7.84645],
			"rotation": {"angle": -45, "axis": "x", "origin": [8, 21.375, 8]},
			"faces": {
				"down": {"uv": [13, 4, 14, 5], "rotation": 270, "texture": "#1", "cullface": "down"}
			}
		},
		{
			"from": [-2, 9.46056, 11.93823],
			"to": [18, 9.46056, 12.33823],
			"rotation": {"angle": -22.5, "axis": "x", "origin": [8, 21.375, 8]},
			"faces": {
				"down": {"uv": [13, 4, 14, 5], "rotation": 270, "texture": "#1", "cullface": "down"}
			}
		},
		{
			"from": [-2, 17.58349, 18.44385],
			"to": [18, 17.58349, 18.84385],
			"rotation": {"angle": 22.5, "axis": "x", "origin": [8, 21.375, 8]},
			"faces": {
				"up": {"uv": [13, 4, 14, 5], "rotation": 270, "texture": "#1", "cullface": "down"}
			}
		},
		{
			"from": [-2, 12.675, 15],
			"to": [18, 13.075, 15],
			"rotation": {"angle": 0, "axis": "y", "origin": [8, 21.375, 8]},
			"faces": {
				"north": {"uv": [13, 4, 14, 5], "rotation": 90, "texture": "#1", "cullface": "down"}
			}
		},
		{
			"from": [14.975, 13.85, 18],
			"to": [17.025, 15.9, 18],
			"rotation": {"angle": 0, "axis": "y", "origin": [8, 23.375, 9]},
			"faces": {
				"south": {"uv": [12, 4, 16, 0], "rotation": 270, "texture": "#1", "cullface": "south"}
			}
		},
		{
			"from": [14.975, 13.85, -2],
			"to": [17.025, 15.9, -2],
			"rotation": {"angle": 0, "axis": "y", "origin": [8, 23.375, 7]},
			"faces": {
				"north": {"uv": [12, 0, 16, 4], "rotation": 270, "texture": "#1", "cullface": "north"}
			}
		},
		{
			"from": [19.64385, 18.38349, -2],
			"to": [19.64385, 18.78349, 18],
			"rotation": {"angle": -22.5, "axis": "z", "origin": [8, 23.375, 8]},
			"faces": {
				"east": {"uv": [13, 4, 14, 5], "rotation": 270, "texture": "#1", "cullface": "down"}
			}
		},
		{
			"from": [11.13823, 12.26056, -2],
			"to": [11.13823, 12.66056, 18],
			"rotation": {"angle": 22.5, "axis": "z", "origin": [8, 23.375, 8]},
			"faces": {
				"west": {"uv": [13, 4, 14, 5], "rotation": 90, "texture": "#1", "cullface": "down"}
			}
		},
		{
			"from": [15.8, 15.875, -2],
			"to": [16.2, 15.875, 18],
			"rotation": {"angle": 0, "axis": "z", "origin": [8, 23.375, 8]},
			"faces": {
				"up": {"uv": [13, 4, 14, 5], "rotation": 180, "texture": "#1", "cullface": "down"}
			}
		},
		{
			"from": [7.44645, 10.70774, -2],
			"to": [7.84645, 10.70774, 18],
			"rotation": {"angle": 45, "axis": "z", "origin": [8, 23.375, 8]},
			"faces": {
				"down": {"uv": [13, 4, 14, 5], "texture": "#1", "cullface": "down"}
			}
		},
		{
			"from": [15, 14.675, -2],
			"to": [15, 15.075, 18],
			"rotation": {"angle": 0, "axis": "z", "origin": [8, 23.375, 8]},
			"faces": {
				"west": {"uv": [13, 4, 14, 5], "rotation": 90, "texture": "#1", "cullface": "down"}
			}
		},
		{
			"from": [18.44385, 19.58349, -2],
			"to": [18.84385, 19.58349, 18],
			"rotation": {"angle": -22.5, "axis": "z", "origin": [8, 23.375, 8]},
			"faces": {
				"up": {"uv": [13, 4, 14, 5], "rotation": 180, "texture": "#1", "cullface": "down"}
			}
		},
		{
			"from": [11.93823, 11.46056, -2],
			"to": [12.33823, 11.46056, 18],
			"rotation": {"angle": 22.5, "axis": "z", "origin": [8, 23.375, 8]},
			"faces": {
				"down": {"uv": [13, 4, 14, 5], "texture": "#1", "cullface": "down"}
			}
		},
		{
			"from": [17.64385, 18.38349, -2],
			"to": [17.64385, 18.78349, 18],
			"rotation": {"angle": -22.5, "axis": "z", "origin": [8, 23.375, 8]},
			"faces": {
				"west": {"uv": [13, 4, 14, 5], "rotation": 90, "texture": "#1", "cullface": "down"}
			}
		},
		{
			"from": [8.64645, 11.50774, -2],
			"to": [8.64645, 11.90774, 18],
			"rotation": {"angle": 45, "axis": "z", "origin": [8, 23.375, 8]},
			"faces": {
				"east": {"uv": [13, 4, 14, 5], "rotation": 270, "texture": "#1", "cullface": "down"}
			}
		},
		{
			"from": [15.8, 13.875, -2],
			"to": [16.2, 13.875, 18],
			"rotation": {"angle": 0, "axis": "z", "origin": [8, 23.375, 8]},
			"faces": {
				"down": {"uv": [13, 4, 14, 5], "texture": "#1", "cullface": "down"}
			}
		},
		{
			"from": [18.66726, 22.82145, -2],
			"to": [18.66726, 23.22145, 18],
			"rotation": {"angle": -45, "axis": "z", "origin": [8, 23.375, 8]},
			"faces": {
				"west": {"uv": [13, 4, 14, 5], "rotation": 90, "texture": "#1", "cullface": "down"}
			}
		},
		{
			"from": [13.13823, 12.26056, -2],
			"to": [13.13823, 12.66056, 18],
			"rotation": {"angle": 22.5, "axis": "z", "origin": [8, 23.375, 8]},
			"faces": {
				"east": {"uv": [13, 4, 14, 5], "rotation": 270, "texture": "#1", "cullface": "down"}
			}
		},
		{
			"from": [19.46726, 22.02145, -2],
			"to": [19.86726, 22.02145, 18],
			"rotation": {"angle": -45, "axis": "z", "origin": [8, 23.375, 8]},
			"faces": {
				"down": {"uv": [13, 4, 14, 5], "texture": "#1", "cullface": "down"}
			}
		},
		{
			"from": [18.44385, 17.58349, -2],
			"to": [18.84385, 17.58349, 18],
			"rotation": {"angle": -22.5, "axis": "z", "origin": [8, 23.375, 8]},
			"faces": {
				"down": {"uv": [13, 4, 14, 5], "texture": "#1", "cullface": "down"}
			}
		},
		{
			"from": [11.93823, 13.46056, -2],
			"to": [12.33823, 13.46056, 18],
			"rotation": {"angle": 22.5, "axis": "z", "origin": [8, 23.375, 8]},
			"faces": {
				"up": {"uv": [13, 4, 14, 5], "rotation": 180, "texture": "#1", "cullface": "down"}
			}
		},
		{
			"from": [17, 14.675, -2],
			"to": [17, 15.075, 18],
			"rotation": {"angle": 0, "axis": "y", "origin": [8, 23.375, 8]},
			"faces": {
				"east": {"uv": [13, 4, 14, 5], "rotation": 270, "texture": "#1", "cullface": "down"}
			}
		},
		{
			"from": [4.86177, 12.26056, -2],
			"to": [4.86177, 12.66056, 18],
			"rotation": {"angle": -22.5, "axis": "z", "origin": [8, 23.375, 8]},
			"faces": {
				"east": {"uv": [13, 4, 14, 5], "rotation": 90, "texture": "#1", "cullface": "down"}
			}
		},
		{
			"from": [-3.64385, 18.38349, -2],
			"to": [-3.64385, 18.78349, 18],
			"rotation": {"angle": 22.5, "axis": "z", "origin": [8, 23.375, 8]},
			"faces": {
				"west": {"uv": [13, 4, 14, 5], "rotation": 270, "texture": "#1", "cullface": "down"}
			}
		},
		{
			"from": [-0.2, 15.875, -2],
			"to": [0.2, 15.875, 18],
			"rotation": {"angle": 0, "axis": "z", "origin": [8, 23.375, 8]},
			"faces": {
				"up": {"uv": [13, 4, 14, 5], "texture": "#1", "cullface": "down"}
			}
		},
		{
			"from": [-3.86726, 22.02145, -2],
			"to": [-3.46726, 22.02145, 18],
			"rotation": {"angle": 45, "axis": "z", "origin": [8, 23.375, 8]},
			"faces": {
				"down": {"uv": [13, 4, 14, 5], "rotation": 180, "texture": "#1", "cullface": "down"}
			}
		},
		{
			"from": [-1, 14.675, -2],
			"to": [-1, 15.075, 18],
			"rotation": {"angle": 0, "axis": "z", "origin": [8, 23.375, 8]},
			"faces": {
				"west": {"uv": [13, 4, 14, 5], "rotation": 270, "texture": "#1", "cullface": "down"}
			}
		},
		{
			"from": [3.66177, 13.46056, -2],
			"to": [4.06177, 13.46056, 18],
			"rotation": {"angle": -22.5, "axis": "z", "origin": [8, 23.375, 8]},
			"faces": {
				"up": {"uv": [13, 4, 14, 5], "texture": "#1", "cullface": "down"}
			}
		},
		{
			"from": [-2.84385, 17.58349, -2],
			"to": [-2.44385, 17.58349, 18],
			"rotation": {"angle": 22.5, "axis": "z", "origin": [8, 23.375, 8]},
			"faces": {
				"down": {"uv": [13, 4, 14, 5], "rotation": 180, "texture": "#1", "cullface": "down"}
			}
		},
		{
			"from": [2.86177, 12.26056, -2],
			"to": [2.86177, 12.66056, 18],
			"rotation": {"angle": -22.5, "axis": "z", "origin": [8, 23.375, 8]},
			"faces": {
				"west": {"uv": [13, 4, 14, 5], "rotation": 270, "texture": "#1", "cullface": "down"}
			}
		},
		{
			"from": [-2.66726, 22.82145, -2],
			"to": [-2.66726, 23.22145, 18],
			"rotation": {"angle": 45, "axis": "z", "origin": [8, 23.375, 8]},
			"faces": {
				"east": {"uv": [13, 4, 14, 5], "rotation": 90, "texture": "#1", "cullface": "down"}
			}
		},
		{
			"from": [-0.2, 13.875, -2],
			"to": [0.2, 13.875, 18],
			"rotation": {"angle": 0, "axis": "z", "origin": [8, 23.375, 8]},
			"faces": {
				"down": {"uv": [13, 4, 14, 5], "rotation": 180, "texture": "#1", "cullface": "down"}
			}
		},
		{
			"from": [7.35355, 11.50774, -2],
			"to": [7.35355, 11.90774, 18],
			"rotation": {"angle": -45, "axis": "z", "origin": [8, 23.375, 8]},
			"faces": {
				"west": {"uv": [13, 4, 14, 5], "rotation": 270, "texture": "#1", "cullface": "down"}
			}
		},
		{
			"from": [-1.64385, 18.38349, -2],
			"to": [-1.64385, 18.78349, 18],
			"rotation": {"angle": 22.5, "axis": "z", "origin": [8, 23.375, 8]},
			"faces": {
				"east": {"uv": [13, 4, 14, 5], "rotation": 90, "texture": "#1", "cullface": "down"}
			}
		},
		{
			"from": [8.15355, 10.70774, -2],
			"to": [8.55355, 10.70774, 18],
			"rotation": {"angle": -45, "axis": "z", "origin": [8, 23.375, 8]},
			"faces": {
				"down": {"uv": [13, 4, 14, 5], "rotation": 180, "texture": "#1", "cullface": "down"}
			}
		},
		{
			"from": [3.66177, 11.46056, -2],
			"to": [4.06177, 11.46056, 18],
			"rotation": {"angle": -22.5, "axis": "z", "origin": [8, 23.375, 8]},
			"faces": {
				"down": {"uv": [13, 4, 14, 5], "rotation": 180, "texture": "#1", "cullface": "down"}
			}
		},
		{
			"from": [-2.84385, 19.58349, -2],
			"to": [-2.44385, 19.58349, 18],
			"rotation": {"angle": 22.5, "axis": "z", "origin": [8, 23.375, 8]},
			"faces": {
				"up": {"uv": [13, 4, 14, 5], "texture": "#1", "cullface": "down"}
			}
		},
		{
			"from": [1, 14.675, -2],
			"to": [1, 15.075, 18],
			"rotation": {"angle": 0, "axis": "y", "origin": [8, 23.375, 8]},
			"faces": {
				"east": {"uv": [13, 4, 14, 5], "rotation": 90, "texture": "#1", "cullface": "down"}
			}
		},
		{
			"from": [-1.025, 13.85, -2],
			"to": [1.025, 15.9, -2],
			"rotation": {"angle": 0, "axis": "y", "origin": [8, 23.375, 7]},
			"faces": {
				"north": {"uv": [12, 0, 16, 4], "rotation": 270, "texture": "#1", "cullface": "north"}
			}
		},
		{
			"from": [-1.025, 13.85, 18],
			"to": [1.025, 15.9, 18],
			"rotation": {"angle": 0, "axis": "y", "origin": [8, 23.375, 9]},
			"faces": {
				"south": {"uv": [12, 4, 16, 0], "rotation": 270, "texture": "#1", "cullface": "south"}
			}
		},
		{
			"from": [-1.5, 13, -1.4],
			"to": [-0.5, 32, -0.6],
			"rotation": {"angle": 0, "axis": "z", "origin": [-1, 21.4, -1]},
			"faces": {
				"north": {"uv": [14, 4, 15, 5], "texture": "#1", "cullface": "down"},
				"east": {"uv": [14, 4, 15, 5], "texture": "#1", "cullface": "down"},
				"south": {"uv": [14, 4, 15, 5], "texture": "#1", "cullface": "down"},
				"west": {"uv": [14, 4, 15, 5], "texture": "#1", "cullface": "down"},
				"up": {"uv": [15, 4, 16, 5], "texture": "#1", "cullface": "down"},
				"down": {"uv": [15, 4, 16, 5], "texture": "#1", "cullface": "down"}
			}
		},
		{
			"from": [16.5, 13, -1.4],
			"to": [17.5, 32, -0.6],
			"rotation": {"angle": 0, "axis": "z", "origin": [17, 21.4, -1]},
			"faces": {
				"north": {"uv": [14, 4, 15, 5], "texture": "#1", "cullface": "down"},
				"east": {"uv": [14, 4, 15, 5], "texture": "#1", "cullface": "down"},
				"south": {"uv": [14, 4, 15, 5], "texture": "#1", "cullface": "down"},
				"west": {"uv": [14, 4, 15, 5], "texture": "#1", "cullface": "down"},
				"up": {"uv": [15, 4, 16, 5], "texture": "#1", "cullface": "down"},
				"down": {"uv": [15, 4, 16, 5], "texture": "#1", "cullface": "down"}
			}
		},
		{
			"from": [16.5, 13, 16.6],
			"to": [17.5, 32, 17.4],
			"rotation": {"angle": 0, "axis": "z", "origin": [17, 21.4, 17]},
			"faces": {
				"north": {"uv": [14, 4, 15, 5], "texture": "#1", "cullface": "down"},
				"east": {"uv": [14, 4, 15, 5], "texture": "#1", "cullface": "down"},
				"south": {"uv": [14, 4, 15, 5], "texture": "#1", "cullface": "down"},
				"west": {"uv": [14, 4, 15, 5], "texture": "#1", "cullface": "down"},
				"up": {"uv": [15, 4, 16, 5], "texture": "#1", "cullface": "down"},
				"down": {"uv": [15, 4, 16, 5], "texture": "#1", "cullface": "down"}
			}
		},
		{
			"from": [-1.5, 13, 16.6],
			"to": [-0.5, 32, 17.4],
			"rotation": {"angle": 0, "axis": "z", "origin": [-1, 21.4, 17]},
			"faces": {
				"north": {"uv": [14, 4, 15, 5], "texture": "#1", "cullface": "down"},
				"east": {"uv": [14, 4, 15, 5], "texture": "#1", "cullface": "down"},
				"south": {"uv": [14, 4, 15, 5], "texture": "#1", "cullface": "down"},
				"west": {"uv": [14, 4, 15, 5], "texture": "#1", "cullface": "down"},
				"up": {"uv": [15, 4, 16, 5], "texture": "#1", "cullface": "down"},
				"down": {"uv": [15, 4, 16, 5], "texture": "#1", "cullface": "down"}
			}
		}
	],
	"groups": [
		{
			"name": "top",
			"origin": [8, 6.3, 21.925],
			"children": [0, 1, 2, 3, 4, 5, 6, 7]
		},
		{
			"name": "c",
			"origin": [-9.675, 9.65, 7.5],
			"children": [8, 9, 10, 11, 12, 13, 14, 15]
		},
		{
			"name": "c",
			"origin": [-9.675, 9.65, 7.5],
			"children": [16, 17, 18, 19, 20, 21, 22, 23]
		},
		{
			"name": "x2",
			"origin": [8, 24, 8],
			"children": []
		},
		{
			"name": "x1",
			"origin": [8, 19, 8],
			"children": []
		},
		{
			"name": "x1",
			"origin": [8, 19, 8],
			"children": []
		},
		{
			"name": "x2",
			"origin": [8, 24, 8],
			"children": []
		},
		{
			"name": "round",
			"origin": [11, 21.375, 8],
			"children": [24, 25, 26, 27, 28, 29, 30, 31, 32, 33, 34, 35, 36, 37, 38, 39, 40, 41]
		},
		{
			"name": "round",
			"origin": [11, 21.375, 8],
			"children": [42, 43, 44, 45, 46, 47, 48, 49, 50, 51, 52, 53, 54, 55, 56, 57, 58, 59]
		},
		{
			"name": "round",
			"origin": [8, 23.375, 9],
			"children": [60, 61, 62, 63, 64, 65, 66, 67, 68, 69, 70, 71, 72, 73, 74, 75, 76, 77]
		},
		{
			"name": "round",
			"origin": [8, 23.375, 9],
			"children": [78, 79, 80, 81, 82, 83, 84, 85, 86, 87, 88, 89, 90, 91, 92, 93, 94, 95]
		},
		{
			"name": "group",
			"origin": [8, 24, 8],
			"children": [96, 97, 98, 99]
		}
	]
}