{
	"credit": "by umsoea, made with Blockbench",
	"textures": {
		"0": "block/umsoea_models/solar_panel_top2",
		"1": "block/umsoea_models/solar_panel_side",
		"particle": "block/umsoea_models/solar_panel_top2"
	},
	"elements": [
		{
			"from": [0, 0.125, 0],
			"to": [16, 2.125, 16],
			"rotation": {"angle": 0, "axis": "y", "origin": [8, 9.025, 8]},
			"faces": {
				"north": {"uv": [0, 10, 16, 13.5], "texture": "#1", "cullface": "north"},
				"east": {"uv": [0.047, 10, 16, 13.5], "texture": "#1", "cullface": "east"},
				"south": {"uv": [0, 10, 15.977, 13.5], "texture": "#1", "cullface": "south"},
				"west": {"uv": [0, 10, 16, 13.5], "texture": "#1", "cullface": "west"},
				"up": {"uv": [0, 0, 16, 16], "texture": "#0"}
			}
		},
		{
			"from": [-0.125, 0.1, -0.125],
			"to": [16.125, 0.1, 16.125],
			"rotation": {"angle": 0, "axis": "y", "origin": [8, 8.1, 8]},
			"faces": {
				"up": {"uv": [0, 0, 16, 16], "texture": "#0"},
				"down": {"uv": [0, 0, 16, 16], "texture": "#0"}
			}
		}
	]
}