{
	"credit": "by umsoea, made with Blockbench",
	"textures": {
		"0": "block/umsoea_models/spruce_leaves",
		"particle": "block/umsoea_models/spruce_leaves"
	},
	"elements": [
		{
			"from": [-10, 4, 2],
			"to": [6, 4, 18],
			"rotation": {"angle": 45, "axis": "z", "origin": [6, 4, 14]},
			"faces": {
				"up": {"uv": [16, 16, 0, 0], "rotation": 180, "texture": "#0", "tintindex": 0},
				"down": {"uv": [0, 16, 16, 0], "texture": "#0", "tintindex": 0}
			}
		},
		{
			"from": [-8, -9, 13],
			"to": [8, 7, 13],
			"rotation": {"angle": -45, "axis": "x", "origin": [4, 7, 13]},
			"faces": {
				"north": {"uv": [0, 16, 16, 0], "rotation": 270, "texture": "#0", "tintindex": 0},
				"south": {"uv": [16, 16, 0, 0], "rotation": 90, "texture": "#0", "tintindex": 0}
			}
		},
		{
			"from": [-4, 12, 10],
			"to": [12, 12, 26],
			"rotation": {"angle": 22.5, "axis": "z", "origin": [12, 12, 22]},
			"faces": {
				"up": {"uv": [16, 16, 0, 0], "rotation": 90, "texture": "#0", "tintindex": 0},
				"down": {"uv": [0, 16, 16, 0], "rotation": 90, "texture": "#0", "tintindex": 0}
			}
		},
		{
			"from": [12, -4, -1],
			"to": [12, 12, 15],
			"rotation": {"angle": -22.5, "axis": "y", "origin": [12, 8, -1]},
			"faces": {
				"east": {"uv": [0, 16, 16, 0], "rotation": 90, "texture": "#0", "tintindex": 0},
				"west": {"uv": [16, 16, 0, 0], "rotation": 270, "texture": "#0", "tintindex": 0}
			}
		},
		{
			"from": [6, -8, 4],
			"to": [22, 8, 4],
			"rotation": {"angle": 45, "axis": "x", "origin": [10, 8, 4]},
			"faces": {
				"north": {"uv": [16, 16, 0, 0], "rotation": 90, "texture": "#0", "tintindex": 0},
				"south": {"uv": [0, 16, 16, 0], "rotation": 270, "texture": "#0", "tintindex": 0}
			}
		},
		{
			"from": [10.65685, 9.34315, -4],
			"to": [26.65685, 9.34315, 12],
			"rotation": {"angle": -22.5, "axis": "z", "origin": [18.65685, 10.34315, 2]},
			"faces": {
				"up": {"uv": [16, 16, 0, 0], "texture": "#0", "tintindex": 0},
				"down": {"uv": [0, 16, 16, 0], "rotation": 180, "texture": "#0", "tintindex": 0}
			}
		},
		{
			"from": [8.65685, 1.34315, -11],
			"to": [8.65685, 17.34315, 5],
			"rotation": {"angle": 45, "axis": "x", "origin": [9.65685, 7.34315, -3]},
			"faces": {
				"east": {"uv": [0, 0, 16, 16], "rotation": 180, "texture": "#0", "tintindex": 0},
				"west": {"uv": [16, 0, 0, 16], "rotation": 180, "texture": "#0", "tintindex": 0}
			}
		},
		{
			"from": [8, 7.94272, 10.39731],
			"to": [24, 7.94272, 26.39731],
			"rotation": {"angle": 45, "axis": "x", "origin": [16, 6.94272, 15.39731]},
			"faces": {
				"up": {"uv": [16, 16, 0, 0], "texture": "#0", "tintindex": 0},
				"down": {"uv": [0, 16, 16, 0], "rotation": 180, "texture": "#0", "tintindex": 0}
			}
		},
		{
			"from": [-7.1, 4.4, -11],
			"to": [8.9, 4.4, 5],
			"rotation": {"angle": -45, "axis": "x", "origin": [-3.1, 4.4, 5]},
			"faces": {
				"up": {"uv": [16, 16, 0, 0], "rotation": 180, "texture": "#0", "tintindex": 0},
				"down": {"uv": [0, 16, 16, 0], "texture": "#0", "tintindex": 0}
			}
		},
		{
			"from": [-7, 0, 6],
			"to": [9, 16, 6],
			"rotation": {"angle": 0, "axis": "z", "origin": [-3, 0, 6]},
			"faces": {
				"north": {"uv": [0, 16, 16, 0], "rotation": 180, "texture": "#0", "tintindex": 0},
				"south": {"uv": [16, 16, 0, 0], "rotation": 180, "texture": "#0", "tintindex": 0}
			}
		},
		{
			"from": [22.4, -9.7, -1.3],
			"to": [22.4, 6.3, 14.7],
			"rotation": {"angle": 45, "axis": "z", "origin": [22.4, -5.7, 14.7]},
			"faces": {
				"east": {"uv": [0, 16, 16, 0], "rotation": 270, "texture": "#0", "tintindex": 0},
				"west": {"uv": [16, 16, 0, 0], "rotation": 90, "texture": "#0", "tintindex": 0}
			}
		},
		{
			"from": [7, -13, 7],
			"to": [7, 3, 23],
			"rotation": {"angle": 0, "axis": "y", "origin": [7, -9, 7]},
			"faces": {
				"east": {"uv": [16, 16, 0, 0], "rotation": 90, "texture": "#0", "tintindex": 0},
				"west": {"uv": [0, 16, 16, 0], "rotation": 270, "texture": "#0", "tintindex": 0}
			}
		},
		{
			"from": [6, -9, 19],
			"to": [22, 7, 19],
			"rotation": {"angle": -22.5, "axis": "x", "origin": [25, -5, 19]},
			"faces": {
				"north": {"uv": [16, 16, 0, 0], "rotation": 90, "texture": "#0", "tintindex": 0},
				"south": {"uv": [0, 16, 16, 0], "rotation": 270, "texture": "#0", "tintindex": 0}
			}
		}
	],
	"display": {
		"thirdperson_righthand": {
			"rotation": [163, 180, 140],
			"translation": [0, 2, -2],
			"scale": [0.35, 0.35, 0.35]
		},
		"thirdperson_lefthand": {
			"rotation": [78, 63, 0],
			"translation": [0, 2.25, -1],
			"scale": [0.35, 0.35, 0.35]
		},
		"firstperson_righthand": {
			"rotation": [180, 8, 7],
			"translation": [1.5, 0.25, -1],
			"scale": [0.37, 0.35, 0.24844]
		},
		"firstperson_lefthand": {
			"rotation": [1, 0, 6],
			"scale": [0.35, 0.35, 0.23633]
		},
		"ground": {
			"scale": [0.35, 0.35, 0.35]
		},
		"gui": {
			"rotation": [32, 37, -2],
			"scale": [0.59, 0.6, 0.6]
		}
	}
}