{
	"credit": "by umsoea, made with Blockbench",
	"ambientocclusion": false,
	"textures": {
		"0": "block/umsoea_models/sugar_cane",
		"particle": "block/umsoea_models/sugar_cane"
	},
	"elements": [
		{
			"from": [2, -8, 1],
			"to": [4, 8, 3],
			"shade": false,
			"rotation": {"angle": 0, "axis": "y", "origin": [3, 0, 2]},
			"faces": {
				"north": {"uv": [0, 0, 2, 16], "texture": "#0"},
				"east": {"uv": [0, 0, 2, 16], "texture": "#0"},
				"south": {"uv": [8, 0, 10, 16], "texture": "#0"},
				"west": {"uv": [12, 0, 14, 16], "texture": "#0"}
			}
		},
		{
			"from": [8, -4, 13],
			"to": [10, 12, 15],
			"shade": false,
			"rotation": {"angle": 0, "axis": "y", "origin": [9, 4, 14]},
			"faces": {
				"north": {"uv": [0, 0, 2, 16], "texture": "#0"},
				"east": {"uv": [12, 0, 14, 16], "texture": "#0"},
				"south": {"uv": [4, 0, 6, 16], "texture": "#0"},
				"west": {"uv": [8, 0, 10, 16], "texture": "#0"}
			}
		},
		{
			"from": [1, -6, 10],
			"to": [3, 10, 12],
			"shade": false,
			"rotation": {"angle": 0, "axis": "y", "origin": [9, 2, 18]},
			"faces": {
				"north": {"uv": [8, 0, 10, 16], "texture": "#0"},
				"east": {"uv": [8, 0, 10, 16], "texture": "#0"},
				"south": {"uv": [12, 0, 14, 16], "texture": "#0"},
				"west": {"uv": [4, 0, 6, 16], "texture": "#0"}
			}
		},
		{
			"from": [11, -1, 9],
			"to": [13, 15, 11],
			"shade": false,
			"rotation": {"angle": 0, "axis": "y", "origin": [19, 7, 17]},
			"faces": {
				"north": {"uv": [8, 0, 10, 16], "texture": "#0"},
				"east": {"uv": [0, 0, 2, 16], "texture": "#0"},
				"south": {"uv": [8, 0, 10, 16], "texture": "#0"},
				"west": {"uv": [0, 0, 2, 16], "texture": "#0"}
			}
		},
		{
			"from": [13, -6, 2],
			"to": [15, 10, 4],
			"shade": false,
			"rotation": {"angle": 0, "axis": "y", "origin": [14, 2, 3]},
			"faces": {
				"north": {"uv": [12, 0, 14, 16], "texture": "#0"},
				"east": {"uv": [4, 0, 6, 16], "texture": "#0"},
				"south": {"uv": [0, 0, 2, 16], "texture": "#0"},
				"west": {"uv": [0, 0, 2, 16], "texture": "#0"}
			}
		},
		{
			"from": [6, -0.5, 5],
			"to": [8, 16, 7],
			"shade": false,
			"rotation": {"angle": 0, "axis": "y", "origin": [14, 8, 13]},
			"faces": {
				"north": {"uv": [4, 0, 6, 16], "texture": "#0"},
				"east": {"uv": [8, 0, 10, 16], "texture": "#0"},
				"south": {"uv": [0, 0, 2, 16], "texture": "#0"},
				"west": {"uv": [8, 0, 10, 16], "texture": "#0"}
			}
		},
		{
			"from": [11, 14.65, 9],
			"to": [11.25, 15, 10.75],
			"shade": false,
			"rotation": {"angle": 0, "axis": "y", "origin": [19, 7, 17]},
			"faces": {
				"east": {"uv": [0, 11, 2, 11.35], "texture": "#0"},
				"up": {"uv": [1.133, 9.781, 1.383, 11.531], "rotation": 180, "texture": "#0", "cullface": "up"}
			}
		},
		{
			"from": [11, 14.65, 10.75],
			"to": [12.75, 15, 11],
			"shade": false,
			"rotation": {"angle": 0, "axis": "y", "origin": [19, 7, 3]},
			"faces": {
				"north": {"uv": [0, 11, 2, 11.35], "texture": "#0"},
				"up": {"uv": [1.133, 9.781, 1.383, 11.531], "rotation": 90, "texture": "#0", "cullface": "up"}
			}
		},
		{
			"from": [12.75, 14.65, 9.25],
			"to": [13, 15, 11],
			"shade": false,
			"rotation": {"angle": 0, "axis": "y", "origin": [12.875, 15, 10.125]},
			"faces": {
				"west": {"uv": [0, 11, 2, 11.35], "texture": "#0"},
				"up": {"uv": [1.133, 9.781, 1.383, 11.531], "texture": "#0", "cullface": "up"}
			}
		},
		{
			"from": [11.25, 14.65, 9],
			"to": [13, 15, 9.25],
			"shade": false,
			"rotation": {"angle": 0, "axis": "y", "origin": [19.25, 7, 1.25]},
			"faces": {
				"south": {"uv": [0, 11, 2, 11.35], "texture": "#0"},
				"up": {"uv": [1.133, 9.781, 1.383, 11.531], "rotation": 270, "texture": "#0", "cullface": "up"}
			}
		},
		{
			"from": [11.25, 14.65, 9.25],
			"to": [12.75, 14.65, 10.75],
			"shade": false,
			"rotation": {"angle": 0, "axis": "y", "origin": [12, 6.65, 10]},
			"faces": {
				"up": {"uv": [12.25, 2, 13.75, 3.5], "rotation": 270, "texture": "#0", "cullface": "up"}
			}
		},
		{
			"from": [8, 11.65, 13],
			"to": [8.25, 12, 14.75],
			"shade": false,
			"rotation": {"angle": 0, "axis": "y", "origin": [16, 4, 21]},
			"faces": {
				"east": {"uv": [0, 11, 2, 11.35], "texture": "#0"},
				"up": {"uv": [1.133, 9.781, 1.383, 11.531], "rotation": 180, "texture": "#0", "cullface": "up"}
			}
		},
		{
			"from": [8, 11.65, 14.75],
			"to": [9.75, 12, 15],
			"shade": false,
			"rotation": {"angle": 0, "axis": "y", "origin": [16, 4, 7]},
			"faces": {
				"north": {"uv": [0, 11, 2, 11.35], "texture": "#0"},
				"up": {"uv": [1.133, 9.781, 1.383, 11.531], "rotation": 90, "texture": "#0", "cullface": "up"}
			}
		},
		{
			"from": [9.75, 11.65, 13.25],
			"to": [10, 12, 15],
			"shade": false,
			"rotation": {"angle": 0, "axis": "y", "origin": [9.875, 12, 14.125]},
			"faces": {
				"west": {"uv": [0, 11, 2, 11.35], "texture": "#0"},
				"up": {"uv": [1.133, 9.781, 1.383, 11.531], "texture": "#0", "cullface": "up"}
			}
		},
		{
			"from": [8.25, 11.65, 13],
			"to": [10, 12, 13.25],
			"shade": false,
			"rotation": {"angle": 0, "axis": "y", "origin": [16.25, 4, 5.25]},
			"faces": {
				"south": {"uv": [0, 11, 2, 11.35], "texture": "#0"},
				"up": {"uv": [1.133, 9.781, 1.383, 11.531], "rotation": 270, "texture": "#0", "cullface": "up"}
			}
		},
		{
			"from": [8.25, 11.65, 13.25],
			"to": [9.75, 11.65, 14.75],
			"shade": false,
			"rotation": {"angle": 0, "axis": "y", "origin": [9, 3.65, 14]},
			"faces": {
				"up": {"uv": [12.25, 2, 13.75, 3.5], "rotation": 180, "texture": "#0", "cullface": "up"}
			}
		},
		{
			"from": [1, 9.65, 10],
			"to": [1.25, 10, 11.75],
			"shade": false,
			"rotation": {"angle": 0, "axis": "y", "origin": [9, 2, 18]},
			"faces": {
				"east": {"uv": [0, 11, 2, 11.35], "texture": "#0"},
				"up": {"uv": [1.133, 9.781, 1.383, 11.531], "rotation": 180, "texture": "#0", "cullface": "up"}
			}
		},
		{
			"from": [1, 9.65, 11.75],
			"to": [2.75, 10, 12],
			"shade": false,
			"rotation": {"angle": 0, "axis": "y", "origin": [9, 2, 4]},
			"faces": {
				"north": {"uv": [0, 11, 2, 11.35], "texture": "#0"},
				"up": {"uv": [1.133, 9.781, 1.383, 11.531], "rotation": 90, "texture": "#0", "cullface": "up"}
			}
		},
		{
			"from": [2.75, 9.65, 10.25],
			"to": [3, 10, 12],
			"shade": false,
			"rotation": {"angle": 0, "axis": "y", "origin": [2.875, 10, 11.125]},
			"faces": {
				"west": {"uv": [0, 11, 2, 11.35], "texture": "#0"},
				"up": {"uv": [1.133, 9.781, 1.383, 11.531], "texture": "#0", "cullface": "up"}
			}
		},
		{
			"from": [1.25, 9.65, 10],
			"to": [3, 10, 10.25],
			"shade": false,
			"rotation": {"angle": 0, "axis": "y", "origin": [9.25, 2, 2.25]},
			"faces": {
				"south": {"uv": [0, 11, 2, 11.35], "texture": "#0"},
				"up": {"uv": [1.133, 9.781, 1.383, 11.531], "rotation": 270, "texture": "#0", "cullface": "up"}
			}
		},
		{
			"from": [1.25, 9.65, 10.25],
			"to": [2.75, 9.65, 11.75],
			"shade": false,
			"rotation": {"angle": 0, "axis": "y", "origin": [2, 1.65, 11]},
			"faces": {
				"up": {"uv": [12.25, 2, 13.75, 3.5], "rotation": 90, "texture": "#0", "cullface": "up"}
			}
		},
		{
			"from": [2, 7.65, 1],
			"to": [2.25, 8, 2.75],
			"shade": false,
			"rotation": {"angle": 0, "axis": "y", "origin": [10, 0, 9]},
			"faces": {
				"east": {"uv": [0, 11, 2, 11.35], "texture": "#0"},
				"up": {"uv": [1.133, 9.781, 1.383, 11.531], "rotation": 180, "texture": "#0", "cullface": "up"}
			}
		},
		{
			"from": [2, 7.65, 2.75],
			"to": [3.75, 8, 3],
			"shade": false,
			"rotation": {"angle": 0, "axis": "y", "origin": [10, 0, -5]},
			"faces": {
				"north": {"uv": [0, 11, 2, 11.35], "texture": "#0"},
				"up": {"uv": [1.133, 9.781, 1.383, 11.531], "rotation": 90, "texture": "#0", "cullface": "up"}
			}
		},
		{
			"from": [3.75, 7.65, 1.25],
			"to": [4, 8, 3],
			"shade": false,
			"rotation": {"angle": 0, "axis": "y", "origin": [3.875, 8, 2.125]},
			"faces": {
				"west": {"uv": [0, 11, 2, 11.35], "texture": "#0"},
				"up": {"uv": [1.133, 9.781, 1.383, 11.531], "texture": "#0", "cullface": "up"}
			}
		},
		{
			"from": [2.25, 7.65, 1],
			"to": [4, 8, 1.25],
			"shade": false,
			"rotation": {"angle": 0, "axis": "y", "origin": [10.25, 0, -6.75]},
			"faces": {
				"south": {"uv": [0, 11, 2, 11.35], "texture": "#0"},
				"up": {"uv": [1.133, 9.781, 1.383, 11.531], "rotation": 270, "texture": "#0", "cullface": "up"}
			}
		},
		{
			"from": [2.25, 7.65, 1.25],
			"to": [3.75, 7.65, 2.75],
			"shade": false,
			"rotation": {"angle": 0, "axis": "y", "origin": [3, -0.35, 2]},
			"faces": {
				"up": {"uv": [12.25, 2, 13.75, 3.5], "texture": "#0", "cullface": "up"}
			}
		},
		{
			"from": [13, 9.65, 2],
			"to": [13.25, 10, 3.75],
			"shade": false,
			"rotation": {"angle": 0, "axis": "y", "origin": [21, 2, 10]},
			"faces": {
				"east": {"uv": [0, 11, 2, 11.35], "texture": "#0"},
				"up": {"uv": [1.133, 9.781, 1.383, 11.531], "rotation": 180, "texture": "#0", "cullface": "up"}
			}
		},
		{
			"from": [13, 9.65, 3.75],
			"to": [14.75, 10, 4],
			"shade": false,
			"rotation": {"angle": 0, "axis": "y", "origin": [21, 2, -4]},
			"faces": {
				"north": {"uv": [0, 11, 2, 11.35], "texture": "#0"},
				"up": {"uv": [1.133, 9.781, 1.383, 11.531], "rotation": 90, "texture": "#0", "cullface": "up"}
			}
		},
		{
			"from": [14.75, 9.65, 2.25],
			"to": [15, 10, 4],
			"shade": false,
			"rotation": {"angle": 0, "axis": "y", "origin": [14.875, 10, 3.125]},
			"faces": {
				"west": {"uv": [0, 11, 2, 11.35], "texture": "#0"},
				"up": {"uv": [1.133, 9.781, 1.383, 11.531], "texture": "#0", "cullface": "up"}
			}
		},
		{
			"from": [13.25, 9.65, 2],
			"to": [15, 10, 2.25],
			"shade": false,
			"rotation": {"angle": 0, "axis": "y", "origin": [21.25, 2, -5.75]},
			"faces": {
				"south": {"uv": [0, 11, 2, 11.35], "texture": "#0"},
				"up": {"uv": [1.133, 9.781, 1.383, 11.531], "rotation": 270, "texture": "#0", "cullface": "up"}
			}
		},
		{
			"from": [13.25, 9.65, 2.25],
			"to": [14.75, 9.65, 3.75],
			"shade": false,
			"rotation": {"angle": 0, "axis": "y", "origin": [14, 1.65, 3]},
			"faces": {
				"up": {"uv": [12.25, 2, 13.75, 3.5], "rotation": 180, "texture": "#0", "cullface": "up"}
			}
		},
		{
			"from": [6, 15.65, 5],
			"to": [6.25, 16, 6.75],
			"shade": false,
			"rotation": {"angle": 0, "axis": "y", "origin": [14, 8, 13]},
			"faces": {
				"east": {"uv": [0, 11, 2, 11.35], "texture": "#0"},
				"up": {"uv": [1.133, 9.781, 1.383, 11.531], "rotation": 180, "texture": "#0", "cullface": "up"}
			}
		},
		{
			"from": [6, 15.65, 6.75],
			"to": [7.75, 16, 7],
			"shade": false,
			"rotation": {"angle": 0, "axis": "y", "origin": [14, 8, -1]},
			"faces": {
				"north": {"uv": [0, 11, 2, 11.35], "texture": "#0"},
				"up": {"uv": [1.133, 9.781, 1.383, 11.531], "rotation": 90, "texture": "#0", "cullface": "up"}
			}
		},
		{
			"from": [7.75, 15.65, 5.25],
			"to": [8, 16, 7],
			"shade": false,
			"rotation": {"angle": 0, "axis": "y", "origin": [7.875, 16, 6.125]},
			"faces": {
				"west": {"uv": [0, 11, 2, 11.35], "texture": "#0"},
				"up": {"uv": [1.133, 9.781, 1.383, 11.531], "texture": "#0", "cullface": "up"}
			}
		},
		{
			"from": [6.25, 15.65, 5],
			"to": [8, 16, 5.25],
			"shade": false,
			"rotation": {"angle": 0, "axis": "y", "origin": [14.25, 8, -2.75]},
			"faces": {
				"south": {"uv": [0, 11, 2, 11.35], "texture": "#0"},
				"up": {"uv": [1.133, 9.781, 1.383, 11.531], "rotation": 270, "texture": "#0", "cullface": "up"}
			}
		},
		{
			"from": [6.25, 15.65, 5.25],
			"to": [7.75, 15.65, 6.75],
			"shade": false,
			"rotation": {"angle": 0, "axis": "y", "origin": [7, 7.65, 6]},
			"faces": {
				"up": {"uv": [12.25, 2, 13.75, 3.5], "texture": "#0", "cullface": "up"}
			}
		}
	],
	"groups": [0, 1, 2, 3, 4, 5,
		{
			"name": "group",
			"origin": [7, 7.5, 6],
			"children": [6, 7, 8, 9, 10]
		},
		{
			"name": "group",
			"origin": [7, 7.5, 6],
			"children": [11, 12, 13, 14, 15]
		},
		{
			"name": "group",
			"origin": [7, 7.5, 6],
			"children": [16, 17, 18, 19, 20]
		},
		{
			"name": "group",
			"origin": [7, 7.5, 6],
			"children": [21, 22, 23, 24, 25]
		},
		{
			"name": "group",
			"origin": [7, 7.5, 6],
			"children": [26, 27, 28, 29, 30]
		},
		{
			"name": "group",
			"origin": [7, 7.5, 6],
			"children": [31, 32, 33, 34, 35]
		}
	]
}