{
	"credit": "Made with Blockbench",
	"textures": {
		"0": "block/umsoea_models/sunflower",
		"particle": "block/umsoea_models/sunflower"
	},
	"elements": [
		{
			"from": [8, -16, 2.94737],
			"to": [8, 9.89474, 13.84211],
			"rotation": {"angle": 0, "axis": "y", "origin": [8, 8.47368, 7.88421]},
			"faces": {
				"east": {"uv": [9.532, 0, 16, 16], "texture": "#0"},
				"west": {"uv": [16, 0, 9.532, 16], "texture": "#0"}
			}
		},
		{
			"from": [2.07895, -12.84211, 7.94737],
			"to": [11.92105, 8.10526, 7.94737],
			"rotation": {"angle": 0, "axis": "y", "origin": [6.23684, 0.63158, 7.94737]},
			"faces": {
				"north": {"uv": [15.366, 3.539, 9.531, 16], "texture": "#0"},
				"south": {"uv": [9.531, 3.539, 15.366, 16], "texture": "#0"}
			}
		},
		{
			"from": [8.11316, 5.05921, 2.98947],
			"to": [8.11316, 14.74342, 12.67368],
			"rotation": {"angle": 22.5, "axis": "z", "origin": [8.11316, 9.90132, 7.83158]},
			"faces": {
				"east": {"uv": [0, 0, 8, 8], "texture": "#0"},
				"west": {"uv": [8, 8, 0, 16], "texture": "#0"}
			}
		}
	]
}