{
	"credit": "Made with Blockbench",
	"textures": {
		"0": "block/umsoea_models/sunflower",
		"particle": "block/umsoea_models/sunflower"
	},
	"elements": [
		{
			"from": [2.6325, -16, 8],
			"to": [12.465, 7.37, 8],
			"rotation": {"angle": 0, "axis": "y", "origin": [7.62, -3.84, 8]},
			"faces": {
				"north": {"uv": [16, 0, 9.532, 16], "texture": "#0"},
				"south": {"uv": [9.532, 0, 16, 16], "texture": "#0"}
			}
		},
		{
			"from": [7.9525, -13.15, 2.65625],
			"to": [7.9525, 5.755, 11.53875],
			"rotation": {"angle": 0, "axis": "y", "origin": [7.62, -3.84, 8]},
			"faces": {
				"east": {"uv": [15.366, 3.539, 9.531, 16], "texture": "#0"},
				"west": {"uv": [9.531, 3.539, 15.366, 16], "texture": "#0"}
			}
		},
		{
			"from": [8.157, 3.01325, 3.478],
			"to": [8.157, 11.75325, 12.218],
			"rotation": {"angle": 22.5, "axis": "z", "origin": [8.157, 7.38325, 7.848]},
			"faces": {
				"east": {"uv": [0, 0, 8, 8], "texture": "#0"},
				"west": {"uv": [8, 8, 0, 16], "texture": "#0"}
			}
		}
	]
}