{
	"credit": "Made with Blockbench",
	"textures": {
		"0": "block/umsoea_models/sunflower",
		"particle": "block/umsoea_models/sunflower"
	},
	"elements": [
		{
			"from": [3.85444, -16, 8],
			"to": [12.72827, 5.09142, 8],
			"rotation": {"angle": 0, "axis": "y", "origin": [7.94205, -5.0256, 8]},
			"faces": {
				"north": {"uv": [9.532, 0, 16, 16], "texture": "#0"},
				"south": {"uv": [16, 0, 9.532, 16], "texture": "#0"}
			}
		},
		{
			"from": [7.92697, -13.42787, 4.80628],
			"to": [7.92697, 3.63389, 12.82273],
			"rotation": {"angle": 0, "axis": "y", "origin": [7.94205, -5.0256, 8]},
			"faces": {
				"east": {"uv": [9.531, 3.539, 15.366, 16], "texture": "#0"},
				"west": {"uv": [15.366, 3.539, 9.531, 16], "texture": "#0"}
			}
		},
		{
			"from": [8.12644, 1.14177, 3.9189],
			"to": [8.12644, 9.02962, 11.80675],
			"rotation": {"angle": 22.5, "axis": "z", "origin": [8.12644, 5.0857, 7.86282]},
			"faces": {
				"east": {"uv": [0, 0, 8, 8], "texture": "#0"},
				"west": {"uv": [8, 8, 0, 16], "texture": "#0"}
			}
		}
	]
}