{
	"credit": "Made with Blockbench",
	"ambientocclusion": false,
	"textures": {
		"cross": "block/umsoea_models/tall_grass_bottom"
	},
	"elements": [
		{
			"from": [5.25, 0, 3.3],
			"to": [5.25, 16, 16.7],
			"shade": false,
			"rotation": {"angle": 22.5, "axis": "y", "origin": [5.25, 8, 11.5], "rescale": true},
			"faces": {
				"east": {"uv": [16, 0, 0, 16], "texture": "#cross", "tintindex": 0},
				"west": {"uv": [0, 0, 16, 16], "texture": "#cross", "tintindex": 0}
			}
		},
		{
			"from": [0.8, 0, 12.5],
			"to": [15.2, 16, 12.5],
			"shade": false,
			"rotation": {"angle": 22.5, "axis": "y", "origin": [10, 8, 12.5], "rescale": true},
			"faces": {
				"north": {"uv": [0, 0, 16, 16], "texture": "#cross", "tintindex": 0},
				"south": {"uv": [16, 0, 0, 16], "texture": "#cross", "tintindex": 0}
			}
		},
		{
			"from": [1.8, 0, 4],
			"to": [15.2, 16, 4],
			"shade": false,
			"rotation": {"angle": -22.5, "axis": "y", "origin": [10, 8, 5], "rescale": true},
			"faces": {
				"north": {"uv": [0, 0, 16, 16], "texture": "#cross", "tintindex": 0},
				"south": {"uv": [16, 0, 0, 16], "texture": "#cross", "tintindex": 0}
			}
		},
		{
			"from": [13, 0, 1.8],
			"to": [13, 16, 14.2],
			"shade": false,
			"rotation": {"angle": 0, "axis": "y", "origin": [13, 8, 7], "rescale": true},
			"faces": {
				"east": {"uv": [16, 0, 0, 16], "texture": "#cross", "tintindex": 0},
				"west": {"uv": [0, 0, 16, 16], "texture": "#cross", "tintindex": 0}
			}
		},
		{
			"from": [9.55, 0, 8],
			"to": [16.2, 16, 8],
			"shade": false,
			"rotation": {"angle": 0, "axis": "y", "origin": [18, 8, 8], "rescale": true},
			"faces": {
				"north": {"uv": [0, 0, 16, 16], "texture": "#cross", "tintindex": 0},
				"south": {"uv": [0, 0, 16, 16], "texture": "#cross", "tintindex": 0}
			}
		},
		{
			"from": [6, 0, 1.55],
			"to": [6, 16, 9.2],
			"shade": false,
			"rotation": {"angle": -22.5, "axis": "y", "origin": [6, 8, 8], "rescale": true},
			"faces": {
				"east": {"uv": [16, 0, 0, 16], "texture": "#cross", "tintindex": 0},
				"west": {"uv": [0, 0, 16, 16], "texture": "#cross", "tintindex": 0}
			}
		}
	]
}