{
	"credit": "Made with Blockbench",
	"ambientocclusion": false,
	"textures": {
		"particle": "block/umsoea_models/tall_grass_top"
	},
	"elements": [
		{
			"from": [6, 0, 2.25],
			"to": [6, 7.8, 7.1],
			"shade": false,
			"rotation": {"angle": -22.5, "axis": "y", "origin": [6, 8, 8], "rescale": true},
			"faces": {
				"east": {"uv": [11.609, 8.203, 1.469, 15.999], "texture": "#particle", "tintindex": 0},
				"west": {"uv": [1.469, 8.203, 11.609, 15.999], "texture": "#particle", "tintindex": 0}
			}
		},
		{
			"from": [11.45, 0, 8],
			"to": [15.6, 7.8, 8],
			"shade": false,
			"rotation": {"angle": 0, "axis": "y", "origin": [18, 8, 8], "rescale": true},
			"faces": {
				"north": {"uv": [1.438, 8.204, 11.422, 16], "texture": "#particle", "tintindex": 0},
				"south": {"uv": [11.422, 8.204, 1.438, 16], "texture": "#particle", "tintindex": 0}
			}
		},
		{
			"from": [13, 0, 2.9],
			"to": [13, 7.8, 10.7],
			"shade": false,
			"rotation": {"angle": 0, "axis": "y", "origin": [13, 8, 7], "rescale": true},
			"faces": {
				"east": {"uv": [11.499, 8.203, 1.422, 15.999], "texture": "#particle", "tintindex": 0},
				"west": {"uv": [1.422, 8.203, 11.499, 15.999], "texture": "#particle", "tintindex": 0}
			}
		},
		{
			"from": [5.6, 0, 4],
			"to": [13.95, 7.75, 4],
			"shade": false,
			"rotation": {"angle": -22.5, "axis": "y", "origin": [10, 8, 5], "rescale": true},
			"faces": {
				"north": {"uv": [1.5, 8.251, 11.469, 16], "texture": "#particle", "tintindex": 0},
				"south": {"uv": [11.469, 8.251, 1.5, 16], "texture": "#particle", "tintindex": 0}
			}
		},
		{
			"from": [4.9, 0, 12.5],
			"to": [13.875, 7.8, 12.5],
			"shade": false,
			"rotation": {"angle": 22.5, "axis": "y", "origin": [10, 8, 12.5], "rescale": true},
			"faces": {
				"north": {"uv": [1.469, 8.204, 11.453, 16], "texture": "#particle", "tintindex": 0},
				"south": {"uv": [11.453, 8.204, 1.469, 16], "texture": "#particle", "tintindex": 0}
			}
		},
		{
			"from": [5.25, 0, 4.6],
			"to": [5.25, 7.8, 12.9],
			"shade": false,
			"rotation": {"angle": 22.5, "axis": "y", "origin": [5.25, 8, 11.5], "rescale": true},
			"faces": {
				"east": {"uv": [11.469, 8.188, 1.548, 16], "texture": "#particle", "tintindex": 0},
				"west": {"uv": [1.548, 8.188, 11.469, 16], "texture": "#particle", "tintindex": 0}
			}
		}
	]
}