{
	"credit": "by umsoea, made with Blockbench",
	"textures": {
		"0": "block/umsoea_models/vine_leaves",
		"1": "block/umsoea_models/vine_background",
		"particle": "block/umsoea_models/vine_leaves"
	},
	"elements": [
		{
			"from": [3.84254, 7.22208, 8.5],
			"to": [3.84254, 11.22208, 12.5],
			"rotation": {"angle": 22.5, "axis": "z", "origin": [8, 7, 8]},
			"faces": {
				"east": {"uv": [11, 5, 16, 10], "texture": "#0", "tintindex": 0},
				"west": {"uv": [16, 5, 11, 10], "texture": "#0", "tintindex": 0}
			}
		},
		{
			"from": [4.94417, 13.80132, 0],
			"to": [4.94417, 17.80132, 4],
			"rotation": {"angle": 22.5, "axis": "z", "origin": [8, 7, 8]},
			"faces": {
				"east": {"uv": [11, 0, 6, 5], "texture": "#0", "tintindex": 0},
				"west": {"uv": [6, 0, 11, 5], "texture": "#0", "tintindex": 0}
			}
		},
		{
			"from": [0.75, -2.25, 3.75],
			"to": [0.75, 1.75, 7.75],
			"rotation": {"angle": 0, "axis": "y", "origin": [8, 7, 8]},
			"faces": {
				"east": {"uv": [0, 0, 6, 6], "texture": "#0", "tintindex": 0},
				"west": {"uv": [6, 0, 0, 6], "texture": "#0", "tintindex": 0}
			}
		},
		{
			"from": [0.75, 11.25, 2.5],
			"to": [0.75, 14.25, 5.5],
			"rotation": {"angle": 0, "axis": "y", "origin": [8, 7, 8]},
			"faces": {
				"east": {"uv": [11, 0, 16, 5], "texture": "#0", "tintindex": 0},
				"west": {"uv": [16, 0, 11, 5], "texture": "#0", "tintindex": 0}
			}
		},
		{
			"from": [3.5091, 8.33677, 4],
			"to": [3.5091, 12.33677, 7.5],
			"rotation": {"angle": 22.5, "axis": "z", "origin": [8, 7, 8]},
			"faces": {
				"east": {"uv": [0, 10, 6, 16], "texture": "#0", "tintindex": 0},
				"west": {"uv": [6, 10, 0, 16], "texture": "#0", "tintindex": 0}
			}
		},
		{
			"from": [4.60111, 7.25, 13.31983],
			"to": [4.60111, 11.25, 17.31983],
			"rotation": {"angle": -22.5, "axis": "y", "origin": [8, 7, 8]},
			"faces": {
				"east": {"uv": [6, 0, 0, 6], "texture": "#0", "tintindex": 0},
				"west": {"uv": [0, 0, 6, 6], "texture": "#0", "tintindex": 0}
			}
		},
		{
			"from": [2.86262, 12, 5.18382],
			"to": [2.86262, 16, 9.18382],
			"rotation": {"angle": 22.5, "axis": "y", "origin": [8, 7, 8]},
			"faces": {
				"east": {"uv": [12, 10, 6, 16], "texture": "#0", "tintindex": 0},
				"west": {"uv": [6, 10, 12, 16], "texture": "#0", "tintindex": 0}
			}
		},
		{
			"from": [0.54331, 2.1767, 8.75],
			"to": [0.54331, 6.1767, 12.75],
			"rotation": {"angle": 22.5, "axis": "z", "origin": [8, 7, 8]},
			"faces": {
				"east": {"uv": [6, 0, 11, 5], "texture": "#0", "tintindex": 0},
				"west": {"uv": [11, 0, 6, 5], "texture": "#0", "tintindex": 0}
			}
		},
		{
			"from": [4.55767, -3.5, 13.86238],
			"to": [4.55767, 0.5, 17.86238],
			"rotation": {"angle": -22.5, "axis": "y", "origin": [8, 7, 8]},
			"faces": {
				"east": {"uv": [11, 0, 16, 5], "texture": "#0", "tintindex": 0},
				"west": {"uv": [16, 0, 11, 5], "texture": "#0", "tintindex": 0}
			}
		},
		{
			"from": [1.3, 10.35, -0.65],
			"to": [1.3, 13.35, 2.35],
			"rotation": {"angle": 0, "axis": "y", "origin": [8, 7, 8]},
			"faces": {
				"east": {"uv": [16, 0, 11, 5], "texture": "#0", "tintindex": 0},
				"west": {"uv": [16, 0, 11, 5], "texture": "#0", "tintindex": 0}
			}
		},
		{
			"from": [1.96195, 5.29506, 1],
			"to": [1.96195, 8.79506, 4.5],
			"rotation": {"angle": 22.5, "axis": "z", "origin": [8, 7, 8]},
			"faces": {
				"east": {"uv": [11, 0, 6, 5], "texture": "#0", "tintindex": 0},
				"west": {"uv": [6, 0, 11, 5], "texture": "#0", "tintindex": 0}
			}
		},
		{
			"from": [4.67357, -0.25, -1.7046],
			"to": [4.67357, 3, 1.5454],
			"rotation": {"angle": 22.5, "axis": "y", "origin": [8, 7, 8]},
			"faces": {
				"east": {"uv": [6, 0, 0, 6], "texture": "#0", "tintindex": 0},
				"west": {"uv": [0, 0, 6, 6], "texture": "#0", "tintindex": 0}
			}
		},
		{
			"from": [1.5, 10.25, 10],
			"to": [1.5, 13.25, 13],
			"rotation": {"angle": 0, "axis": "y", "origin": [8, 7, 8]},
			"faces": {
				"east": {"uv": [6, 10, 12, 16], "texture": "#0", "tintindex": 0},
				"west": {"uv": [12, 10, 6, 16], "texture": "#0", "tintindex": 0}
			}
		},
		{
			"name": "background",
			"from": [0.25, -0.75, -1.25],
			"to": [0.25, 16.25, 15.75],
			"rotation": {"angle": 0, "axis": "y", "origin": [8, 7, 8]},
			"faces": {
				"east": {"uv": [0, 0, 16, 16], "texture": "#1"},
				"west": {"uv": [0, 0, 16, 16], "texture": "#1"}
			}
		},
		{
			"from": [10.24404, 11.84147, 0],
			"to": [10.24404, 15.84147, 4],
			"rotation": {"angle": -22.5, "axis": "z", "origin": [8, 7, 8]},
			"faces": {
				"east": {"uv": [16, 5, 11, 10], "texture": "#0", "tintindex": 0},
				"west": {"uv": [11, 5, 16, 10], "texture": "#0", "tintindex": 0}
			}
		},
		{
			"from": [14.69132, 5.02446, 11],
			"to": [14.69132, 9.02446, 15],
			"rotation": {"angle": -22.5, "axis": "z", "origin": [8, 7, 8]},
			"faces": {
				"east": {"uv": [6, 0, 11, 5], "texture": "#0", "tintindex": 0},
				"west": {"uv": [11, 0, 6, 5], "texture": "#0", "tintindex": 0}
			}
		},
		{
			"from": [15.25, -4.25, 5],
			"to": [15.25, -0.25, 9],
			"rotation": {"angle": 0, "axis": "y", "origin": [8, 7, 8]},
			"faces": {
				"east": {"uv": [6, 0, 0, 6], "texture": "#0", "tintindex": 0},
				"west": {"uv": [0, 0, 6, 6], "texture": "#0", "tintindex": 0}
			}
		},
		{
			"from": [15, 9.75, 10.5],
			"to": [15, 12.75, 13.5],
			"rotation": {"angle": 0, "axis": "y", "origin": [8, 7, 8]},
			"faces": {
				"east": {"uv": [16, 0, 11, 5], "texture": "#0", "tintindex": 0},
				"west": {"uv": [11, 0, 16, 5], "texture": "#0", "tintindex": 0}
			}
		},
		{
			"from": [13.5, -2.75, 11],
			"to": [13.5, 1.25, 15],
			"rotation": {"angle": 0, "axis": "y", "origin": [8, 7, 8]},
			"faces": {
				"east": {"uv": [12, 10, 6, 16], "texture": "#0", "tintindex": 0},
				"west": {"uv": [6, 10, 12, 16], "texture": "#0", "tintindex": 0}
			}
		},
		{
			"from": [14.40431, 3.71737, 0.75],
			"to": [14.40431, 7.71737, 4.75],
			"rotation": {"angle": -22.5, "axis": "z", "origin": [8, 7, 8]},
			"faces": {
				"east": {"uv": [6, 10, 0, 16], "texture": "#0", "tintindex": 0},
				"west": {"uv": [0, 10, 6, 16], "texture": "#0", "tintindex": 0}
			}
		},
		{
			"from": [15.60841, 7.25, 8.84285],
			"to": [15.60841, 11.25, 12.84285],
			"rotation": {"angle": -22.5, "axis": "y", "origin": [8, 7, 8]},
			"faces": {
				"east": {"uv": [0, 0, 6, 6], "texture": "#0", "tintindex": 0},
				"west": {"uv": [6, 0, 0, 6], "texture": "#0", "tintindex": 0}
			}
		},
		{
			"from": [11.01621, 6.25, -1.24371],
			"to": [11.01621, 9.25, 1.75629],
			"rotation": {"angle": -22.5, "axis": "y", "origin": [8, 7, 8]},
			"faces": {
				"east": {"uv": [6, 0, 11, 5], "texture": "#0", "tintindex": 0},
				"west": {"uv": [11, 0, 6, 5], "texture": "#0", "tintindex": 0}
			}
		},
		{
			"from": [16.60474, 0.40506, 2],
			"to": [16.60474, 4.40506, 6],
			"rotation": {"angle": -22.5, "axis": "z", "origin": [8, 7, 8]},
			"faces": {
				"east": {"uv": [6, 0, 11, 5], "texture": "#0", "tintindex": 0},
				"west": {"uv": [11, 0, 6, 5], "texture": "#0", "tintindex": 0}
			}
		},
		{
			"from": [12.87358, 8.41289, 8.25],
			"to": [12.87358, 12.41289, 12.25],
			"rotation": {"angle": -22.5, "axis": "z", "origin": [8, 7, 8]},
			"faces": {
				"east": {"uv": [11, 0, 6, 5], "texture": "#0", "tintindex": 0},
				"west": {"uv": [6, 0, 11, 5], "texture": "#0", "tintindex": 0}
			}
		},
		{
			"from": [14.97834, 4.33155, 13.5],
			"to": [14.97834, 8.33155, 17.5],
			"rotation": {"angle": -22.5, "axis": "z", "origin": [8, 7, 8]},
			"faces": {
				"east": {"uv": [16, 5, 11, 10], "texture": "#0", "tintindex": 0},
				"west": {"uv": [11, 5, 16, 10], "texture": "#0", "tintindex": 0}
			}
		},
		{
			"from": [14.16707, 1, 8.37411],
			"to": [14.16707, 5, 12.37411],
			"rotation": {"angle": -22.5, "axis": "y", "origin": [8, 7, 8]},
			"faces": {
				"east": {"uv": [16, 0, 11, 5], "texture": "#0", "tintindex": 0},
				"west": {"uv": [11, 0, 16, 5], "texture": "#0", "tintindex": 0}
			}
		},
		{
			"from": [14.25, 11.75, 2.5],
			"to": [14.25, 14.75, 5.5],
			"rotation": {"angle": 0, "axis": "y", "origin": [8, 7, 8]},
			"faces": {
				"east": {"uv": [16, 0, 11, 5], "texture": "#0", "tintindex": 0},
				"west": {"uv": [11, 0, 16, 5], "texture": "#0", "tintindex": 0}
			}
		},
		{
			"from": [14.25588, 5.46768, 2.5],
			"to": [14.25588, 9.46768, 6.5],
			"rotation": {"angle": -22.5, "axis": "z", "origin": [8, 7, 8]},
			"faces": {
				"east": {"uv": [11, 0, 6, 5], "texture": "#0", "tintindex": 0},
				"west": {"uv": [6, 0, 11, 5], "texture": "#0", "tintindex": 0}
			}
		},
		{
			"from": [11.64627, 11.06931, 1],
			"to": [11.64627, 15.06931, 5],
			"rotation": {"angle": -22.5, "axis": "z", "origin": [8, 7, 8]},
			"faces": {
				"east": {"uv": [6, 0, 11, 5], "texture": "#0", "tintindex": 0},
				"west": {"uv": [11, 0, 6, 5], "texture": "#0", "tintindex": 0}
			}
		},
		{
			"from": [12.85717, -1.25, 10.75908],
			"to": [12.85717, 2.75, 14.75908],
			"rotation": {"angle": 22.5, "axis": "y", "origin": [8, 7, 8]},
			"faces": {
				"east": {"uv": [0, 0, 6, 6], "texture": "#0", "tintindex": 0},
				"west": {"uv": [6, 0, 0, 6], "texture": "#0", "tintindex": 0}
			}
		},
		{
			"from": [14.5, 3, 4],
			"to": [14.5, 6, 7],
			"rotation": {"angle": 0, "axis": "y", "origin": [8, 7, 8]},
			"faces": {
				"east": {"uv": [12, 10, 6, 16], "texture": "#0", "tintindex": 0},
				"west": {"uv": [6, 10, 12, 16], "texture": "#0", "tintindex": 0}
			}
		},
		{
			"from": [15.25, -0.5, 5.5],
			"to": [15.25, 3.5, 9.5],
			"rotation": {"angle": 0, "axis": "y", "origin": [8, 7, 8]},
			"faces": {
				"east": {"uv": [11, 0, 6, 5], "texture": "#0", "tintindex": 0},
				"west": {"uv": [6, 0, 11, 5], "texture": "#0", "tintindex": 0}
			}
		},
		{
			"from": [11.51777, 12.5, 13.99266],
			"to": [11.51777, 16.5, 17.99266],
			"rotation": {"angle": 22.5, "axis": "y", "origin": [8, 7, 8]},
			"faces": {
				"east": {"uv": [12, 10, 6, 16], "texture": "#0", "tintindex": 0},
				"west": {"uv": [6, 10, 12, 16], "texture": "#0", "tintindex": 0}
			}
		},
		{
			"from": [11.36606, 7.25, 15.51221],
			"to": [11.36606, 11.25, 19.51221],
			"rotation": {"angle": 22.5, "axis": "y", "origin": [8, 7, 8]},
			"faces": {
				"east": {"uv": [6, 0, 11, 5], "texture": "#0", "tintindex": 0},
				"west": {"uv": [11, 0, 6, 5], "texture": "#0", "tintindex": 0}
			}
		},
		{
			"from": [11.37568, 4.25, 11.41603],
			"to": [11.37568, 7.25, 14.41603],
			"rotation": {"angle": 22.5, "axis": "y", "origin": [8, 7, 8]},
			"faces": {
				"east": {"uv": [16, 0, 11, 5], "texture": "#0", "tintindex": 0},
				"west": {"uv": [11, 0, 16, 5], "texture": "#0", "tintindex": 0}
			}
		},
		{
			"from": [10.24404, 11.84147, 7.25],
			"to": [10.24404, 15.84147, 11.25],
			"rotation": {"angle": -22.5, "axis": "z", "origin": [8, 7, 8]},
			"faces": {
				"east": {"uv": [16, 5, 11, 10], "texture": "#0", "tintindex": 0},
				"west": {"uv": [11, 5, 16, 10], "texture": "#0", "tintindex": 0}
			}
		},
		{
			"from": [14, 7.25, 5.5],
			"to": [14, 10.75, 9],
			"rotation": {"angle": 0, "axis": "y", "origin": [8, 7, 8]},
			"faces": {
				"east": {"uv": [12, 10, 6, 16], "texture": "#0", "tintindex": 0},
				"west": {"uv": [6, 10, 12, 16], "texture": "#0", "tintindex": 0}
			}
		},
		{
			"from": [14.57924, 10.75, 7.10162],
			"to": [14.57924, 14.75, 11.10162],
			"rotation": {"angle": 22.5, "axis": "y", "origin": [8, 7, 8]},
			"faces": {
				"east": {"uv": [12, 10, 6, 16], "texture": "#0", "tintindex": 0},
				"west": {"uv": [6, 10, 12, 16], "texture": "#0", "tintindex": 0}
			}
		},
		{
			"from": [12.01254, 9.49162, 4.75],
			"to": [12.01254, 12.74162, 7.75],
			"rotation": {"angle": -22.5, "axis": "z", "origin": [8, 7, 8]},
			"faces": {
				"east": {"uv": [6, 10, 0, 16], "texture": "#0", "tintindex": 0},
				"west": {"uv": [0, 10, 6, 16], "texture": "#0", "tintindex": 0}
			}
		},
		{
			"from": [14.34827, 6.50595, 5.75],
			"to": [14.34827, 10.50595, 9.75],
			"rotation": {"angle": -22.5, "axis": "z", "origin": [8, 7, 8]},
			"faces": {
				"east": {"uv": [16, 5, 11, 10], "texture": "#0", "tintindex": 0},
				"west": {"uv": [11, 5, 16, 10], "texture": "#0", "tintindex": 0}
			}
		},
		{
			"from": [10.48181, 14.18714, 8.25],
			"to": [10.48181, 17.68714, 11.75],
			"rotation": {"angle": -22.5, "axis": "z", "origin": [8, 7, 8]},
			"faces": {
				"east": {"uv": [11, 0, 6, 5], "texture": "#0", "tintindex": 0},
				"west": {"uv": [6, 0, 11, 5], "texture": "#0", "tintindex": 0}
			}
		},
		{
			"name": "background",
			"from": [15.75, -0.75, 0.25],
			"to": [15.75, 16.25, 17.25],
			"rotation": {"angle": 0, "axis": "y", "origin": [8, 7, 8]},
			"faces": {
				"east": {"uv": [0, 0, 16, 16], "texture": "#1"},
				"west": {"uv": [0, 0, 16, 16], "texture": "#1"}
			}
		}
	],
	"groups": [0, 1, 2, 3, 4, 5, 6, 7, 8, 9, 10, 11, 12, 13,
		{
			"name": "vine3",
			"origin": [8, 8, 8],
			"children": [14, 15, 16, 17, 18, 19, 20, 21, 22, 23, 24, 25, 26, 27, 28, 29, 30, 31, 32, 33, 34, 35, 36, 37, 38, 39, 40, 41]
		}
	]
}