{
	"credit": "by umsoea, made with Blockbench",
	"textures": {
		"0": "block/umsoea_models/vine_leaves",
		"1": "block/umsoea_models/vine_background",
		"particle": "block/umsoea_models/vine_leaves"
	},
	"elements": [
		{
			"name": "background",
			"from": [-1.25, -0.75, 0.25],
			"to": [15.75, 16.25, 0.25],
			"faces": {
				"north": {"uv": [16, 0, 0, 16], "texture": "#1"},
				"south": {"uv": [16, 0, 0, 16], "texture": "#1"}
			}
		},
		{
			"from": [1, 12.5, 2],
			"to": [5, 16.5, 2],
			"rotation": {"angle": -22.5, "axis": "x", "origin": [2.5, 14, 2]},
			"faces": {
				"north": {"uv": [11, 0, 6, 5], "texture": "#0", "tintindex": 0},
				"south": {"uv": [6, 0, 11, 5], "texture": "#0", "tintindex": 0}
			}
		},
		{
			"from": [4, -5.25, 0.75],
			"to": [8, -1.25, 0.75],
			"faces": {
				"north": {"uv": [0, 0, 6, 6], "texture": "#0", "tintindex": 0},
				"south": {"uv": [6, 0, 0, 6], "texture": "#0", "tintindex": 0}
			}
		},
		{
			"from": [2.5, 9.75, 1],
			"to": [5.5, 12.75, 1],
			"faces": {
				"north": {"uv": [11, 0, 16, 5], "texture": "#0", "tintindex": 0},
				"south": {"uv": [16, 0, 11, 5], "texture": "#0", "tintindex": 0}
			}
		},
		{
			"from": [10, -2.75, 2.5],
			"to": [14, 1.25, 2.5],
			"faces": {
				"north": {"uv": [6, 10, 12, 16], "texture": "#0", "tintindex": 0},
				"south": {"uv": [12, 10, 6, 16], "texture": "#0", "tintindex": 0}
			}
		},
		{
			"from": [7.25, 1.25, 2],
			"to": [11.25, 5.25, 2],
			"rotation": {"angle": -22.5, "axis": "x", "origin": [8.75, 4.75, 2]},
			"faces": {
				"north": {"uv": [0, 10, 6, 16], "texture": "#0", "tintindex": 0},
				"south": {"uv": [6, 10, 0, 16], "texture": "#0", "tintindex": 0}
			}
		},
		{
			"from": [3, -2.5, 2],
			"to": [7, 1.5, 2],
			"rotation": {"angle": -22.5, "axis": "x", "origin": [4.5, -1, 2]},
			"faces": {
				"north": {"uv": [11, 0, 6, 5], "texture": "#0", "tintindex": 0},
				"south": {"uv": [6, 0, 11, 5], "texture": "#0", "tintindex": 0}
			}
		},
		{
			"from": [8, 8.25, 2.75],
			"to": [12, 12.25, 2.75],
			"rotation": {"angle": -22.5, "axis": "y", "origin": [9.5, 10.75, 2.75]},
			"faces": {
				"north": {"uv": [12, 10, 6, 16], "texture": "#0", "tintindex": 0},
				"south": {"uv": [6, 10, 12, 16], "texture": "#0", "tintindex": 0}
			}
		},
		{
			"from": [3.75, 6.25, 2],
			"to": [7.75, 10.25, 2],
			"rotation": {"angle": -22.5, "axis": "x", "origin": [5.25, 8.75, 2]},
			"faces": {
				"north": {"uv": [6, 0, 11, 5], "texture": "#0", "tintindex": 0},
				"south": {"uv": [11, 0, 6, 5], "texture": "#0", "tintindex": 0}
			}
		},
		{
			"from": [-1.5, 1.75, 2],
			"to": [2.5, 5.75, 2],
			"rotation": {"angle": -22.5, "axis": "x", "origin": [0, 3.25, 2]},
			"faces": {
				"north": {"uv": [11, 5, 16, 10], "texture": "#0", "tintindex": 0},
				"south": {"uv": [16, 5, 11, 10], "texture": "#0", "tintindex": 0}
			}
		},
		{
			"from": [4, 2.75, 2],
			"to": [7, 5.75, 2],
			"faces": {
				"north": {"uv": [11, 0, 16, 5], "texture": "#0", "tintindex": 0},
				"south": {"uv": [16, 0, 11, 5], "texture": "#0", "tintindex": 0}
			}
		},
		{
			"from": [9.5, 6, 1.75],
			"to": [13.5, 10, 1.75],
			"rotation": {"angle": -22.5, "axis": "x", "origin": [11, 8.5, 1.75]},
			"faces": {
				"north": {"uv": [6, 0, 11, 5], "texture": "#0", "tintindex": 0},
				"south": {"uv": [11, 0, 6, 5], "texture": "#0", "tintindex": 0}
			}
		},
		{
			"from": [-0.5, -1.25, 1.5],
			"to": [3.5, 2.75, 1.5],
			"rotation": {"angle": -22.5, "axis": "y", "origin": [1, 1.25, 1.5]},
			"faces": {
				"north": {"uv": [6, 0, 0, 6], "texture": "#0", "tintindex": 0},
				"south": {"uv": [0, 0, 6, 6], "texture": "#0", "tintindex": 0}
			}
		},
		{
			"from": [9, 4, 1.5],
			"to": [12, 7, 1.5],
			"faces": {
				"north": {"uv": [6, 10, 12, 16], "texture": "#0", "tintindex": 0},
				"south": {"uv": [12, 10, 6, 16], "texture": "#0", "tintindex": 0}
			}
		},
		{
			"from": [8, 12.25, 2],
			"to": [12, 16.25, 2],
			"rotation": {"angle": -22.5, "axis": "x", "origin": [9.5, 14.75, 2]},
			"faces": {
				"north": {"uv": [6, 0, 11, 5], "texture": "#0", "tintindex": 0},
				"south": {"uv": [11, 0, 6, 5], "texture": "#0", "tintindex": 0}
			}
		},
		{
			"from": [2, 4.5, 1.5],
			"to": [6, 8.5, 1.5],
			"rotation": {"angle": -22.5, "axis": "y", "origin": [3.5, 6, 1.5]},
			"faces": {
				"north": {"uv": [6, 10, 12, 16], "texture": "#0", "tintindex": 0},
				"south": {"uv": [12, 10, 6, 16], "texture": "#0", "tintindex": 0}
			}
		},
		{
			"from": [-2, 7.25, 1.25],
			"to": [2, 11.25, 1.25],
			"rotation": {"angle": -22.5, "axis": "y", "origin": [0, 9.25, 1.25]},
			"faces": {
				"north": {"uv": [11, 0, 6, 5], "texture": "#0", "tintindex": 0},
				"south": {"uv": [6, 0, 11, 5], "texture": "#0", "tintindex": 0}
			}
		},
		{
			"name": "background",
			"from": [15.75, -0.75, -1.25],
			"to": [15.75, 16.25, 15.75],
			"faces": {
				"east": {"uv": [16, 0, 0, 16], "texture": "#1"},
				"west": {"uv": [16, 0, 0, 16], "texture": "#1"}
			}
		},
		{
			"from": [14, 12.25, 8],
			"to": [14, 16.25, 12],
			"rotation": {"angle": -22.5, "axis": "z", "origin": [14, 14.75, 9.5]},
			"faces": {
				"east": {"uv": [6, 0, 11, 5], "texture": "#0", "tintindex": 0},
				"west": {"uv": [11, 0, 6, 5], "texture": "#0", "tintindex": 0}
			}
		},
		{
			"from": [14, 12.5, 1],
			"to": [14, 16.5, 5],
			"rotation": {"angle": -22.5, "axis": "z", "origin": [14, 14, 2.5]},
			"faces": {
				"east": {"uv": [11, 0, 6, 5], "texture": "#0", "tintindex": 0},
				"west": {"uv": [6, 0, 11, 5], "texture": "#0", "tintindex": 0}
			}
		},
		{
			"from": [12.5, 10.5, 12],
			"to": [12.5, 14.5, 16],
			"rotation": {"angle": -22.5, "axis": "z", "origin": [12.5, 12, 14.5]},
			"faces": {
				"east": {"uv": [11, 5, 16, 10], "texture": "#0", "tintindex": 0},
				"west": {"uv": [16, 5, 11, 10], "texture": "#0", "tintindex": 0}
			}
		},
		{
			"from": [15.25, -5.25, 4],
			"to": [15.25, -1.25, 8],
			"faces": {
				"east": {"uv": [0, 0, 6, 6], "texture": "#0", "tintindex": 0},
				"west": {"uv": [6, 0, 0, 6], "texture": "#0", "tintindex": 0}
			}
		},
		{
			"from": [13.5, -2.75, 10],
			"to": [13.5, 1.25, 14],
			"faces": {
				"east": {"uv": [6, 10, 12, 16], "texture": "#0", "tintindex": 0},
				"west": {"uv": [12, 10, 6, 16], "texture": "#0", "tintindex": 0}
			}
		},
		{
			"from": [14, 1.25, 7.25],
			"to": [14, 5.25, 11.25],
			"rotation": {"angle": -22.5, "axis": "z", "origin": [14, 4.75, 8.75]},
			"faces": {
				"east": {"uv": [6, 10, 0, 16], "texture": "#0", "tintindex": 0},
				"west": {"uv": [0, 10, 6, 16], "texture": "#0", "tintindex": 0}
			}
		},
		{
			"from": [13.75, 7.25, 12.5],
			"to": [13.75, 11.25, 16.5],
			"rotation": {"angle": 22.5, "axis": "y", "origin": [13.75, 9.75, 14]},
			"faces": {
				"east": {"uv": [6, 0, 0, 6], "texture": "#0", "tintindex": 0},
				"west": {"uv": [0, 0, 6, 6], "texture": "#0", "tintindex": 0}
			}
		},
		{
			"from": [14.75, 5.25, 13],
			"to": [14.75, 8.25, 16],
			"faces": {
				"east": {"uv": [11, 0, 6, 5], "texture": "#0", "tintindex": 0},
				"west": {"uv": [6, 0, 11, 5], "texture": "#0", "tintindex": 0}
			}
		},
		{
			"from": [14, -2.5, 3],
			"to": [14, 1.5, 7],
			"rotation": {"angle": -22.5, "axis": "z", "origin": [14, -1, 4.5]},
			"faces": {
				"east": {"uv": [11, 0, 6, 5], "texture": "#0", "tintindex": 0},
				"west": {"uv": [6, 0, 11, 5], "texture": "#0", "tintindex": 0}
			}
		},
		{
			"from": [13.25, 8.25, 8],
			"to": [13.25, 12.25, 12],
			"rotation": {"angle": -22.5, "axis": "y", "origin": [13.25, 10.75, 9.5]},
			"faces": {
				"east": {"uv": [12, 10, 6, 16], "texture": "#0", "tintindex": 0},
				"west": {"uv": [6, 10, 12, 16], "texture": "#0", "tintindex": 0}
			}
		},
		{
			"from": [14, 6.25, 3.75],
			"to": [14, 10.25, 7.75],
			"rotation": {"angle": -22.5, "axis": "z", "origin": [14, 8.75, 5.25]},
			"faces": {
				"east": {"uv": [6, 0, 11, 5], "texture": "#0", "tintindex": 0},
				"west": {"uv": [11, 0, 6, 5], "texture": "#0", "tintindex": 0}
			}
		},
		{
			"from": [14, 1.75, -1.5],
			"to": [14, 5.75, 2.5],
			"rotation": {"angle": -22.5, "axis": "z", "origin": [14, 3.25, 0]},
			"faces": {
				"east": {"uv": [11, 5, 16, 10], "texture": "#0", "tintindex": 0},
				"west": {"uv": [16, 5, 11, 10], "texture": "#0", "tintindex": 0}
			}
		},
		{
			"from": [12.75, 1, 13.25],
			"to": [12.75, 5, 17.25],
			"rotation": {"angle": 22.5, "axis": "y", "origin": [10.75, 3.5, 14.75]},
			"faces": {
				"east": {"uv": [11, 0, 16, 5], "texture": "#0", "tintindex": 0},
				"west": {"uv": [16, 0, 11, 5], "texture": "#0", "tintindex": 0}
			}
		},
		{
			"from": [14, 2.75, 4],
			"to": [14, 5.75, 7],
			"faces": {
				"east": {"uv": [11, 0, 16, 5], "texture": "#0", "tintindex": 0},
				"west": {"uv": [16, 0, 11, 5], "texture": "#0", "tintindex": 0}
			}
		},
		{
			"from": [14.25, 6, 9.5],
			"to": [14.25, 10, 13.5],
			"rotation": {"angle": -22.5, "axis": "z", "origin": [14.25, 8.5, 11]},
			"faces": {
				"east": {"uv": [6, 0, 11, 5], "texture": "#0", "tintindex": 0},
				"west": {"uv": [11, 0, 6, 5], "texture": "#0", "tintindex": 0}
			}
		},
		{
			"from": [13.5, -0.75, 11],
			"to": [13.5, 3.25, 15],
			"rotation": {"angle": -22.5, "axis": "z", "origin": [13.5, 0.75, 12.5]},
			"faces": {
				"east": {"uv": [11, 0, 6, 5], "texture": "#0", "tintindex": 0},
				"west": {"uv": [6, 0, 11, 5], "texture": "#0", "tintindex": 0}
			}
		},
		{
			"from": [14.5, -1.25, -0.5],
			"to": [14.5, 2.75, 3.5],
			"rotation": {"angle": -22.5, "axis": "y", "origin": [14.5, 1.25, 1]},
			"faces": {
				"east": {"uv": [6, 0, 0, 6], "texture": "#0", "tintindex": 0},
				"west": {"uv": [0, 0, 6, 6], "texture": "#0", "tintindex": 0}
			}
		},
		{
			"from": [14.5, 4, 9],
			"to": [14.5, 7, 12],
			"faces": {
				"east": {"uv": [6, 10, 12, 16], "texture": "#0", "tintindex": 0},
				"west": {"uv": [12, 10, 6, 16], "texture": "#0", "tintindex": 0}
			}
		},
		{
			"from": [14.75, 7.25, -2],
			"to": [14.75, 11.25, 2],
			"rotation": {"angle": -22.5, "axis": "y", "origin": [14.75, 9.25, 0]},
			"faces": {
				"east": {"uv": [11, 0, 6, 5], "texture": "#0", "tintindex": 0},
				"west": {"uv": [6, 0, 11, 5], "texture": "#0", "tintindex": 0}
			}
		}
	],
	"groups": [
		{
			"name": "group",
			"origin": [0, 9.25, 1.25],
			"children": [0, 1, 2, 3, 4, 5, 6, 7, 8, 9, 10, 11, 12, 13, 14, 15, 16]
		},
		{
			"name": "group",
			"origin": [14.75, 9.25, 0],
			"children": [17, 18, 19, 20, 21, 22, 23, 24, 25, 26, 27, 28, 29, 30, 31, 32, 33, 34, 35, 36]
		}
	]
}