{
	"credit": "by umsoae, made with Blockbench",
	"textures": {
		"0": "block/umsoea_models/solar_panel_top2",
		"1": "block/umsoea_models/solar_panel_side",
		"particle": "block/umsoea_models/solar_panel_top2"
	},
	"elements": [
		{
			"from": [0, 0.125, 0],
			"to": [16, 2.125, 16],
			"rotation": {"angle": 0, "axis": "y", "origin": [8, 9.025, 8]},
			"faces": {
				"north": {"uv": [0, 10, 16, 13.5], "texture": "#1", "cullface": "north"},
				"east": {"uv": [0.047, 10, 16, 13.5], "texture": "#1", "cullface": "east"},
				"south": {"uv": [0, 10, 15.977, 13.5], "texture": "#1", "cullface": "south"},
				"west": {"uv": [0, 10, 16, 13.5], "texture": "#1", "cullface": "west"},
				"up": {"uv": [0.195, 4.093, 11.907, 15.726], "texture": "#0"}
			}
		},
		{
			"from": [-0.125, 0.1, -0.125],
			"to": [16.125, 0.1, 16.125],
			"rotation": {"angle": 0, "axis": "y", "origin": [8, 8.1, 8]},
			"faces": {
				"up": {"uv": [0, 0, 16, 16], "texture": "#0"},
				"down": {"uv": [0.195, 4.093, 11.907, 15.726], "texture": "#0"}
			}
		},
		{
			"from": [0, 2.175, 5.25],
			"to": [16, 2.175, 5.5],
			"rotation": {"angle": 0, "axis": "y", "origin": [8, 10.35, 12.8]},
			"faces": {
				"up": {"uv": [7.9, 7.9, 8.1, 8.1], "texture": "#0"}
			}
		},
		{
			"from": [10.55, 2.175, 0],
			"to": [10.8, 2.175, 16],
			"rotation": {"angle": 0, "axis": "y", "origin": [8.05, 10.35, 8]},
			"faces": {
				"up": {"uv": [7.9, 7.9, 8.1, 8.1], "rotation": 90, "texture": "#0"}
			}
		},
		{
			"from": [0, 2.175, 10.575],
			"to": [16, 2.175, 10.825],
			"rotation": {"angle": 0, "axis": "y", "origin": [8, 10.35, 18.125]},
			"faces": {
				"up": {"uv": [7.9, 7.9, 8.1, 8.1], "texture": "#0"}
			}
		},
		{
			"from": [5.25, 2.175, 0],
			"to": [5.5, 2.175, 16],
			"rotation": {"angle": 0, "axis": "y", "origin": [8.075, 10.35, 8]},
			"faces": {
				"up": {"uv": [7.9, 7.9, 8.1, 8.1], "rotation": 90, "texture": "#0"}
			}
		},
		{
			"from": [0, 2.175, 0],
			"to": [0.2, 2.175, 16],
			"rotation": {"angle": 0, "axis": "y", "origin": [8, 10.35, 8]},
			"faces": {
				"up": {"uv": [7.9, 7.9, 8.1, 8.1], "rotation": 90, "texture": "#0"}
			}
		},
		{
			"from": [0, 2.175, 0],
			"to": [16, 2.175, 0.2],
			"rotation": {"angle": 0, "axis": "y", "origin": [8, 10.35, 8]},
			"faces": {
				"up": {"uv": [7.9, 7.9, 8.1, 8.1], "rotation": 180, "texture": "#0"}
			}
		},
		{
			"from": [15.8, 2.175, 0],
			"to": [16, 2.175, 16],
			"rotation": {"angle": 0, "axis": "y", "origin": [8, 10.35, 8]},
			"faces": {
				"up": {"uv": [7.9, 7.9, 8.1, 8.1], "rotation": 90, "texture": "#0"}
			}
		},
		{
			"from": [0, 2.175, 15.8],
			"to": [16, 2.175, 16],
			"rotation": {"angle": 0, "axis": "y", "origin": [8, 10.35, 8]},
			"faces": {
				"up": {"uv": [7.9, 7.9, 8.1, 8.1], "rotation": 180, "texture": "#0"}
			}
		}
	],
	"display": {
		"thirdperson_righthand": {
			"rotation": [75, 45, 0],
			"translation": [0, 3.75, 2.25],
			"scale": [0.375, 0.375, 0.375]
		},
		"thirdperson_lefthand": {
			"rotation": [75, 45, 0],
			"translation": [0, 3.75, 2],
			"scale": [0.375, 0.375, 0.375]
		},
		"firstperson_righthand": {
			"rotation": [0, 45, 0],
			"translation": [0.75, 4.25, 0],
			"scale": [0.40195, 0.33359, 0.29844]
		},
		"firstperson_lefthand": {
			"rotation": [0, 225, 0],
			"translation": [1.25, 4.25, 0],
			"scale": [0.4957, 0.28672, 0.29648]
		},
		"ground": {
			"translation": [0, 3, 0],
			"scale": [0.25, 0.25, 0.25]
		},
		"gui": {
			"rotation": [34, 225, 0],
			"translation": [0, 3, 0],
			"scale": [0.7, 0.7, 0.7]
		},
		"head": {
			"translation": [0, 12.75, 0],
			"scale": [0.8, 0.8, 0.8]
		},
		"fixed": {
			"rotation": [-90, 0, 0],
			"translation": [0, 0, -4.5],
			"scale": [0.5, 0.5, 0.5]
		}
	}
}