{
    "multipart": [
        {   "when": { "age": "0" },
            "apply": [
                { "model": "block/bamboo1_age0" },
                { "model": "block/bamboo2_age0" },
                { "model": "block/bamboo4_age0" },
				{ "model": "block/bamboo5_age0" },
				{ "model": "block/bamboo3_age0" }
            ]
        },
        {   "when": { "age": "1" },
            "apply": [
                { "model": "block/bamboo1_age1" },
                { "model": "block/bamboo2_age1" },
                { "model": "block/bamboo4_age1" },
				{ "model": "block/bamboo5_age1" },
				{ "model": "block/bamboo3_age1" }
            ]
        },
		
		
		
        {   "when": { "leaves": "large" },
            "apply": [
				{ "model": "block/bamboo_leaves", "y": 270 },
				{ "model": "block/bamboo_leaves", "y": 180 },
				{ "model": "block/bamboo_leaves", "y": 90 },
				{ "model": "block/bamboo_leaves" }
			]
        },
		{   "when": { "leaves": "small" },
             "apply": [
				{ "model": "block/bamboo_leaves2", "y": 270 },
				{ "model": "block/bamboo_leaves2", "y": 180 },
				{ "model": "block/bamboo_leaves2", "y": 90 },
				{ "model": "block/bamboo_leaves2" }
			]
        }
    ]
}
