{
  "variants": {
    "axis=x": [
	    { "model": "minecraft:block/birch_log",         "x": 90, "y": 90, "weight": 99 },
		{ "model": "minecraft:block/birch_log_2tiles",  "x": 90, "y": 90, "weight": 98 },
		{ "model": "minecraft:block/birch_log_2tiles2", "x": 90, "y": 90, "weight": 98 }
	],
    "axis=y": [
		{ "model": "block/birch_log",          "weight": 99 },
		{ "model": "block/birch_log_2tiles",   "weight": 98 },
		{ "model": "block/birch_log_2tiles2",  "weight": 98 }
	],
    "axis=z": [
	    { "model": "minecraft:block/birch_log",         "x": 90, "weight": 99 },
		{ "model": "minecraft:block/birch_log_2tiles",  "x": 90, "weight": 98 },
		{ "model": "minecraft:block/birch_log_2tiles2", "x": 90, "weight": 98 }
	]
  }
}