{
    "multipart": [
        {   "apply": [
			{ "model": "block/dark_oak_fence_post" }, 
			{ "model": "block/dark_oak_fence_post", "y": 90 },
			{ "model": "block/dark_oak_fence_post", "y": 180 },
			{ "model": "block/dark_oak_fence_post", "y": 270 }
			]
		},
			
			
        {   "when": { "north": "true" },
            "apply": { "model": "block/dark_oak_fence_side_north" }
        },
        {   "when": { "east": "true" },
            "apply": { "model": "block/dark_oak_fence_side_east" }
        },
        {   "when": { "south": "true" },
            "apply": { "model": "block/dark_oak_fence_side_south" }
        },
        {   "when": { "west": "true" },
            "apply": { "model": "block/dark_oak_fence_side_west" }
        }
    ]
}
