{
    "variants": {
        "axis=y":   [ { "model": "block/dark_oak_log_ctmy1" }, { "model": "block/dark_oak_log_ctmy2" },
					  { "model": "block/dark_oak_log_ctmy3" }, { "model": "block/dark_oak_log_ctmy4" }],
					  
        "axis=z":   [ { "model": "block/dark_oak_log_ctmz1" }, { "model": "block/dark_oak_log_ctmz2" },
					  { "model": "block/dark_oak_log_ctmz3" }, { "model": "block/dark_oak_log_ctmz4" }],
		
		
        "axis=x":   [ { "model": "block/dark_oak_log_ctmx1" }, { "model": "block/dark_oak_log_ctmx2" },
					  { "model": "block/dark_oak_log_ctmx3" }, { "model": "block/dark_oak_log_ctmx4" }]
    }
}
