{
    "variants": {
        "": [
            { "model": "block/oak_leaves" },
            { "model": "block/oak_leaves", "y": 90 },
            { "model": "block/oak_leaves", "y": 180 },
            { "model": "block/oak_leaves", "y": 270 },
			{ "model": "block/acacia_leaves" },
            { "model": "block/acacia_leaves", "y": 90 },
            { "model": "block/acacia_leaves", "y": 180 },
            { "model": "block/acacia_leaves", "y": 270 },
			{ "model": "block/birch_leaves" },
            { "model": "block/birch_leaves", "y": 90 },
            { "model": "block/birch_leaves", "y": 180 },
            { "model": "block/birch_leaves", "y": 270 }
        ]
    }
}
