{
    "variants": {
        "bottom=true": [
			{ "model": "block/scaffolding_unstable", "weight": 7 },
			
			{ "model": "block/scaffolding_unstable2", "weight": 1 },
			{ "model": "block/scaffolding_unstable3", "weight": 1 },
			{ "model": "block/scaffolding_unstable4", "weight": 1 },
			{ "model": "block/scaffolding_unstable5", "weight": 1 }],
		
		"distance=6": { "model": "block/scaffolding_unstable6" },
		
		
		
        "bottom=false": [
			{ "model": "block/scaffolding_stable", "y": 180, "weight": 1 },
			{ "model": "block/scaffolding_stable2", "y": 180, "weight": 1 },
			{ "model": "block/scaffolding_stable3", "y": 180, "weight": 1 }]
    }
}
